column_a,track_uri,danceability,energy,key,loudness,mode,speechiness,acousticness,instrumentalness,liveness,valence,tempo,duration_ms,time_signature,key_mode,playlist_name,playlist_img,track_name,artist_name,album_name,album_img
1,00IqwkT0PZhJ86PJajRCqk,0.195,0.348,"A#",-10.106,major,0.0332,0.82,0,0.126,0.262,166.824,213107,3,"A# major",new_holiday_songs,https://mosaic.scdn.co/640/5f79f928a45b878579e1fffc9e4aefb362ca53fd939adaa29092810cc1c44965b5a5781e38ee7e65d95f2279ad49512299646dadf9e3e11c09c94c5ee06f3ddadf59ee24504fc02bfe205945807a2437,Silver Bells,Johnny Mathis,Merry Christmas,https://i.scdn.co/image/b878b9e27201163be07e746657280ab24802839e
2,01h424WG38dgY34vkI3Yd0,0.225,0.248,A,-15.871,major,0.0337,0.912,0.000143,0.404,0.19,96.013,183613,4,A major,new_holiday_songs,https://mosaic.scdn.co/640/5f79f928a45b878579e1fffc9e4aefb362ca53fd939adaa29092810cc1c44965b5a5781e38ee7e65d95f2279ad49512299646dadf9e3e11c09c94c5ee06f3ddadf59ee24504fc02bfe205945807a2437,White Christmas,Bing Crosby,White Christmas,https://i.scdn.co/image/3bb0daf5f87a737ce67ace001f240a82094de467
3,08BhfyKUXxZrnyHrDavNHP,0.444,0.288,"F#",-11.793,major,0.0326,0.911,0.00000668,0.0987,0.356,108.043,199093,3,"F# major",new_holiday_songs,https://mosaic.scdn.co/640/5f79f928a45b878579e1fffc9e4aefb362ca53fd939adaa29092810cc1c44965b5a5781e38ee7e65d95f2279ad49512299646dadf9e3e11c09c94c5ee06f3ddadf59ee24504fc02bfe205945807a2437,The Christmas Waltz,Tony Bennett,A Swingin' Christmas Featuring The Count Basie Big Band,https://i.scdn.co/image/96aa4fb09e7fe9d38599c8d9d475eb6d675e2e87
4,095XSaT8I2uI6Uldj2QrSl,0.687,0.496,A,-4.708,major,0.0339,0.434,0.00144,0.0613,0.746,97.575,178680,4,A major,new_holiday_songs,https://mosaic.scdn.co/640/5f79f928a45b878579e1fffc9e4aefb362ca53fd939adaa29092810cc1c44965b5a5781e38ee7e65d95f2279ad49512299646dadf9e3e11c09c94c5ee06f3ddadf59ee24504fc02bfe205945807a2437,Stop the Cavalry,Jona Lewie,On The Other Hand There's A Fist (Remastered),https://i.scdn.co/image/50c0ea35cacbf7c5d495c71e0d2e789af97cd2c2
5,09b2gJR45Pyip2rx9CnXW1,0.477,0.841,"F#",-5.172,major,0.0358,0.000165,0.0971,0.257,0.571,119.954,203404,4,"F# major",new_holiday_songs,https://mosaic.scdn.co/640/5f79f928a45b878579e1fffc9e4aefb362ca53fd939adaa29092810cc1c44965b5a5781e38ee7e65d95f2279ad49512299646dadf9e3e11c09c94c5ee06f3ddadf59ee24504fc02bfe205945807a2437,I Don't Want to Go Home for Christmas,Independent Counsel of Funk,I Don't Want to Go Home for Christmas,https://i.scdn.co/image/77eb7c17cafe55037a1ab279b7d79ad4624e53fa
6,0AiQn7Y9SKL7oiD0aMIGUs,0.484,0.598,G,-5.99,major,0.0303,0.455,0.000237,0.251,0.7,166.427,187493,4,G major,new_holiday_songs,https://mosaic.scdn.co/640/5f79f928a45b878579e1fffc9e4aefb362ca53fd939adaa29092810cc1c44965b5a5781e38ee7e65d95f2279ad49512299646dadf9e3e11c09c94c5ee06f3ddadf59ee24504fc02bfe205945807a2437,Baby! It's Christmas,Jessie James Decker,Baby! It's Christmas,https://i.scdn.co/image/496371032d5aa01592e472f20f8a752850cfe2cb
7,0bYg9bo50gSsH3LtXe2SQn,0.335,0.625,G,-7.462,major,0.0386,0.164,0,0.0708,0.346,150.277,241107,4,G major,new_holiday_songs,https://mosaic.scdn.co/640/5f79f928a45b878579e1fffc9e4aefb362ca53fd939adaa29092810cc1c44965b5a5781e38ee7e65d95f2279ad49512299646dadf9e3e11c09c94c5ee06f3ddadf59ee24504fc02bfe205945807a2437,All I Want for Christmas Is You,Mariah Carey,Merry Christmas,https://i.scdn.co/image/e06f3ddadf59ee24504fc02bfe205945807a2437
8,0CykH7AD5TOQeF3G2EbUYl,0.664,0.661,E,-5.718,major,0.0344,0.877,0.00000526,0.086,0.883,97.301,119640,4,E major,new_holiday_songs,https://mosaic.scdn.co/640/5f79f928a45b878579e1fffc9e4aefb362ca53fd939adaa29092810cc1c44965b5a5781e38ee7e65d95f2279ad49512299646dadf9e3e11c09c94c5ee06f3ddadf59ee24504fc02bfe205945807a2437,Deck the Halls,Mark Vincent,The Most Wonderful Time of the Year,https://i.scdn.co/image/934e7bf2e020571c0887f29cf386a05df621ef96
9,0di0zKKJ7ZdYcsjeYfAVyR,0.547,0.11,D,-12.918,minor,0.036,0.906,0.00517,0.241,0.311,108.952,157453,3,D minor,new_holiday_songs,https://mosaic.scdn.co/640/5f79f928a45b878579e1fffc9e4aefb362ca53fd939adaa29092810cc1c44965b5a5781e38ee7e65d95f2279ad49512299646dadf9e3e11c09c94c5ee06f3ddadf59ee24504fc02bfe205945807a2437,The Christmas Waltz,She & Him,A Very She & Him Christmas,https://i.scdn.co/image/6f03ddf59e64c24a6f4dbe167aedd3f0861efeb6
10,0EwuAHdON2ma8UBa7Flpee,0.311,0.664,A,-8.179,major,0.0377,0.186,0.00000746,0.129,0.356,146.293,157613,4,A major,new_holiday_songs,https://mosaic.scdn.co/640/5f79f928a45b878579e1fffc9e4aefb362ca53fd939adaa29092810cc1c44965b5a5781e38ee7e65d95f2279ad49512299646dadf9e3e11c09c94c5ee06f3ddadf59ee24504fc02bfe205945807a2437,I Saw Mommy Kissing Santa Claus,The Ronettes,A Christmas Gift For You From Phil Spector,https://i.scdn.co/image/df9902b4e29a085db5b3fb511c1e2c78ffe60831
11,0fUFpFczhuhJBz2Z28IL2x,0.63,0.757,F,-6.005,major,0.0254,0.00716,0,0.348,0.65,106.885,216627,4,F major,new_holiday_songs,https://mosaic.scdn.co/640/5f79f928a45b878579e1fffc9e4aefb362ca53fd939adaa29092810cc1c44965b5a5781e38ee7e65d95f2279ad49512299646dadf9e3e11c09c94c5ee06f3ddadf59ee24504fc02bfe205945807a2437,Last Christmas (Glee Cast Version),Glee Cast,"Glee: The Music, The Christmas Album",https://i.scdn.co/image/df267b94bd85aad9be2957f3e80886c1a72114f6
12,0G7yGcWqXqqLHlrxU7bFEO,0.659,0.58,"G#",-4.351,major,0.0356,0.604,0,0.162,0.792,143.712,152045,4,"G# major",new_holiday_songs,https://mosaic.scdn.co/640/5f79f928a45b878579e1fffc9e4aefb362ca53fd939adaa29092810cc1c44965b5a5781e38ee7e65d95f2279ad49512299646dadf9e3e11c09c94c5ee06f3ddadf59ee24504fc02bfe205945807a2437,The Man with the Bag,Kellie Pickler,The Man with the Bag,https://i.scdn.co/image/8b6717cfba03f217b062a7e25adf6921840207fe
13,0iVVPWm4An3glF9QnCtM6e,0.529,0.723,F,-8.171,minor,0.0353,0.00109,0.0000278,0.219,0.708,79.989,229280,4,F minor,new_holiday_songs,https://mosaic.scdn.co/640/5f79f928a45b878579e1fffc9e4aefb362ca53fd939adaa29092810cc1c44965b5a5781e38ee7e65d95f2279ad49512299646dadf9e3e11c09c94c5ee06f3ddadf59ee24504fc02bfe205945807a2437,Underneath the Tree,Kelly Clarkson,Christmas Hits,https://i.scdn.co/image/939adaa29092810cc1c44965b5a5781e38ee7e65
14,0leIhGny91OrU4mjcshsjI,0.551,0.325,C,-13.507,major,0.0286,0.81,0.000112,0.115,0.496,98.932,213160,3,C major,new_holiday_songs,https://mosaic.scdn.co/640/5f79f928a45b878579e1fffc9e4aefb362ca53fd939adaa29092810cc1c44965b5a5781e38ee7e65d95f2279ad49512299646dadf9e3e11c09c94c5ee06f3ddadf59ee24504fc02bfe205945807a2437,Lonely This Christmas,Mud,Let's Have A Party - The Best Of Mud,https://i.scdn.co/image/b1ec4bee82da1c17a428e9dcdcfb801f7b46acdc
15,0lizgQ7Qw35od7CYaoMBZb,0.506,0.628,G,-7.316,major,0.173,0.0545,0,0.301,0.556,191.708,204093,4,G major,new_holiday_songs,https://mosaic.scdn.co/640/5f79f928a45b878579e1fffc9e4aefb362ca53fd939adaa29092810cc1c44965b5a5781e38ee7e65d95f2279ad49512299646dadf9e3e11c09c94c5ee06f3ddadf59ee24504fc02bfe205945807a2437,Santa Tell Me,Ariana Grande,Santa Tell Me,https://i.scdn.co/image/ca80da7a2271f0806a977c7c1f6cfa6aa5d7e92b
16,0lLdorYw7lVrJydTINhWdI,0.35,0.232,E,-11.042,major,0.0331,0.907,0.00000921,0.292,0.381,93.269,206347,3,E major,new_holiday_songs,https://mosaic.scdn.co/640/5f79f928a45b878579e1fffc9e4aefb362ca53fd939adaa29092810cc1c44965b5a5781e38ee7e65d95f2279ad49512299646dadf9e3e11c09c94c5ee06f3ddadf59ee24504fc02bfe205945807a2437,It's Beginning To Look A Lot Like Christmas,Michael Bublé,Christmas,https://i.scdn.co/image/5f828e84beaefc8c0539ca558f849e8549e8778c
17,0oEBvSzYp0aS7Obdus1RGm,0.437,0.149,E,-18.128,major,0.0394,0.995,0.0896,0.15,0.801,153.921,85253,3,E major,new_holiday_songs,https://mosaic.scdn.co/640/5f79f928a45b878579e1fffc9e4aefb362ca53fd939adaa29092810cc1c44965b5a5781e38ee7e65d95f2279ad49512299646dadf9e3e11c09c94c5ee06f3ddadf59ee24504fc02bfe205945807a2437,Carol of the Bells,John Williams,Christmas Hits,https://i.scdn.co/image/939adaa29092810cc1c44965b5a5781e38ee7e65
18,0P6xicvZnvVwRCPv3307HM,0.61,0.661,G,-8.343,major,0.105,0.613,0.000269,0.0701,0.652,86.68,198716,4,G major,new_holiday_songs,https://mosaic.scdn.co/640/5f79f928a45b878579e1fffc9e4aefb362ca53fd939adaa29092810cc1c44965b5a5781e38ee7e65d95f2279ad49512299646dadf9e3e11c09c94c5ee06f3ddadf59ee24504fc02bfe205945807a2437,Jingle Bells,Matt Maher,The Advent of Christmas,https://i.scdn.co/image/77eb7c17cafe5503806e28263514bb842a1fa41f
19,0Tw7teQT3EBqBRpH9PYb4f,0.44,0.185,D,-13.867,major,0.0395,0.896,0.0000182,0.0813,0.343,189.246,161320,3,D major,new_holiday_songs,https://mosaic.scdn.co/640/5f79f928a45b878579e1fffc9e4aefb362ca53fd939adaa29092810cc1c44965b5a5781e38ee7e65d95f2279ad49512299646dadf9e3e11c09c94c5ee06f3ddadf59ee24504fc02bfe205945807a2437,Driving Home for Christmas,Lyambiko,My Favourite Christmas Songs,https://i.scdn.co/image/a67e19c3eb418b1b2551f884cedf798c1d602608
20,0UnbG2g6FMvHXdlzDyufyI,0.607,0.807,G,-5.593,major,0.0472,0.156,0,0.241,0.53,151.02,228933,4,G major,new_holiday_songs,https://mosaic.scdn.co/640/5f79f928a45b878579e1fffc9e4aefb362ca53fd939adaa29092810cc1c44965b5a5781e38ee7e65d95f2279ad49512299646dadf9e3e11c09c94c5ee06f3ddadf59ee24504fc02bfe205945807a2437,All I Want for Christmas Is You,Fifth Harmony,I'll Be Home For Christmas,https://i.scdn.co/image/08f834b771ce747e37a70c6fa168375ba42fc5a6
21,0wDKteaNLe3xkaFtj6tH5h,0.668,0.843,C,-3.766,major,0.0268,0.169,0,0.195,0.702,147.083,255400,4,C major,new_holiday_songs,https://mosaic.scdn.co/640/5f79f928a45b878579e1fffc9e4aefb362ca53fd939adaa29092810cc1c44965b5a5781e38ee7e65d95f2279ad49512299646dadf9e3e11c09c94c5ee06f3ddadf59ee24504fc02bfe205945807a2437,My Only Wish (This Year),Britney Spears,Christmas Hits,https://i.scdn.co/image/939adaa29092810cc1c44965b5a5781e38ee7e65
22,0yS8P7DFNEBYQ5yHadM5z0,0.324,0.197,"G#",-10.191,major,0.0337,0.801,0,0.115,0.338,178.893,227887,3,"G# major",new_holiday_songs,https://mosaic.scdn.co/640/5f79f928a45b878579e1fffc9e4aefb362ca53fd939adaa29092810cc1c44965b5a5781e38ee7e65d95f2279ad49512299646dadf9e3e11c09c94c5ee06f3ddadf59ee24504fc02bfe205945807a2437,"Oh Holy Night - Recorded at Metropolis Studios, London",Nina Nesbitt,Spotify Singles - Christmas,https://i.scdn.co/image/3e4288028909fc1bc65af0c3f93f118e4a702fd7
23,12YAgUbl6Uk9E7fzopF4Ji,0.487,0.759,C,-8.093,major,0.0408,0.604,0,0.185,0.447,122.309,146080,4,C major,new_holiday_songs,https://mosaic.scdn.co/640/5f79f928a45b878579e1fffc9e4aefb362ca53fd939adaa29092810cc1c44965b5a5781e38ee7e65d95f2279ad49512299646dadf9e3e11c09c94c5ee06f3ddadf59ee24504fc02bfe205945807a2437,Winter Wonderland,Darlene Love,A Christmas Gift For You From Phil Spector,https://i.scdn.co/image/df9902b4e29a085db5b3fb511c1e2c78ffe60831
24,1aoIbIxOlTOgH9nyiJvFPz,0.506,0.86,D,-6.276,major,0.425,0.198,0,0.125,0.582,191.511,199547,4,D major,new_holiday_songs,https://mosaic.scdn.co/640/5f79f928a45b878579e1fffc9e4aefb362ca53fd939adaa29092810cc1c44965b5a5781e38ee7e65d95f2279ad49512299646dadf9e3e11c09c94c5ee06f3ddadf59ee24504fc02bfe205945807a2437,Bring Me Love,John Legend,A Legendary Christmas,https://i.scdn.co/image/5f79f928a45b878579e1fffc9e4aefb362ca53fd
25,1BA3J0DIbO5xKeboPSt1ju,0.519,0.305,C,-9.37,major,0.0371,0.881,0,0.12,0.294,72.04,148787,4,C major,new_holiday_songs,https://mosaic.scdn.co/640/5f79f928a45b878579e1fffc9e4aefb362ca53fd939adaa29092810cc1c44965b5a5781e38ee7e65d95f2279ad49512299646dadf9e3e11c09c94c5ee06f3ddadf59ee24504fc02bfe205945807a2437,Another Christmas,Amanda Jenssen,Christmas Cafe,https://i.scdn.co/image/4385b4957d870777959a70f62486fff501f33612
26,1CBg1D0t4FMLbco3posN7b,0.528,0.772,D,-7.013,major,0.0288,0.403,0.00000252,0.316,0.852,91.735,181267,4,D major,new_holiday_songs,https://mosaic.scdn.co/640/5f79f928a45b878579e1fffc9e4aefb362ca53fd939adaa29092810cc1c44965b5a5781e38ee7e65d95f2279ad49512299646dadf9e3e11c09c94c5ee06f3ddadf59ee24504fc02bfe205945807a2437,Sleigh Ride,The Ronettes,Christmas Hits,https://i.scdn.co/image/939adaa29092810cc1c44965b5a5781e38ee7e65
27,1dtIaSlyrLI04sqYa8nLyN,0.632,0.159,"G#",-14.056,major,0.0492,0.883,0,0.222,0.644,142.11,186733,4,"G# major",new_holiday_songs,https://mosaic.scdn.co/640/5f79f928a45b878579e1fffc9e4aefb362ca53fd939adaa29092810cc1c44965b5a5781e38ee7e65d95f2279ad49512299646dadf9e3e11c09c94c5ee06f3ddadf59ee24504fc02bfe205945807a2437,Rudolph the Red-Nosed Reindeer,Gene Autry,Rudolph The Red Nosed Reindeer And Other Christmas Classics,https://i.scdn.co/image/d09a8a207f9d89db5f6a73d1331aeaa20c9fabbc
28,1e0z8zk4AyhKxeg13zV3lh,0.617,0.512,"F#",-5.116,major,0.0266,0.194,0,0.115,0.347,111.932,102960,4,"F# major",new_holiday_songs,https://mosaic.scdn.co/640/5f79f928a45b878579e1fffc9e4aefb362ca53fd939adaa29092810cc1c44965b5a5781e38ee7e65d95f2279ad49512299646dadf9e3e11c09c94c5ee06f3ddadf59ee24504fc02bfe205945807a2437,White Christmas,Destiny's Child,8 Days Of Christmas,https://i.scdn.co/image/6ae1415fa9900695bfe434e451b57be8d1e7c822
29,1f2lkuLldqRzvaFjJdjGXX,0.548,0.75,G,-7.984,major,0.0398,0.209,0,0.698,0.419,143.109,204173,4,G major,new_holiday_songs,https://mosaic.scdn.co/640/5f79f928a45b878579e1fffc9e4aefb362ca53fd939adaa29092810cc1c44965b5a5781e38ee7e65d95f2279ad49512299646dadf9e3e11c09c94c5ee06f3ddadf59ee24504fc02bfe205945807a2437,Santa Claus Is Comin' to Town,Mariah Carey,Merry Christmas,https://i.scdn.co/image/e06f3ddadf59ee24504fc02bfe205945807a2437
30,1jc5ttAAqSlzN6XnInuUXm,0.758,0.711,A,-10.483,major,0.0268,0.158,0,0.0825,0.961,101.806,223773,4,A major,new_holiday_songs,https://mosaic.scdn.co/640/5f79f928a45b878579e1fffc9e4aefb362ca53fd939adaa29092810cc1c44965b5a5781e38ee7e65d95f2279ad49512299646dadf9e3e11c09c94c5ee06f3ddadf59ee24504fc02bfe205945807a2437,Merry Christmas Everyone,Shakin' Stevens,Christmas Hits,https://i.scdn.co/image/939adaa29092810cc1c44965b5a5781e38ee7e65
31,1kCMRwtyaXZRWhe2scYcBL,0.641,0.794,B,-4.906,major,0.0369,0.497,0,0.329,0.767,112.994,239600,4,B major,new_holiday_songs,https://mosaic.scdn.co/640/5f79f928a45b878579e1fffc9e4aefb362ca53fd939adaa29092810cc1c44965b5a5781e38ee7e65d95f2279ad49512299646dadf9e3e11c09c94c5ee06f3ddadf59ee24504fc02bfe205945807a2437,One More Sleep,Leona Lewis,Christmas Hits,https://i.scdn.co/image/939adaa29092810cc1c44965b5a5781e38ee7e65
32,1l2CvcIAL1MtPbtZhh0Z77,0.359,0.15,"C#",-15.745,major,0.041,0.844,0.00000115,0.108,0.204,139.208,188933,4,"C# major",new_holiday_songs,https://mosaic.scdn.co/640/5f79f928a45b878579e1fffc9e4aefb362ca53fd939adaa29092810cc1c44965b5a5781e38ee7e65d95f2279ad49512299646dadf9e3e11c09c94c5ee06f3ddadf59ee24504fc02bfe205945807a2437,The Christmas Song (Merry Christmas To You),Nat King Cole,Christmas Number 1's,https://i.scdn.co/image/90d80f5a0261f942a655b768c41bdbe67fbd6377
33,1lXmhrsTDe9QT7G5QYEnLr,0.388,0.321,"F#",-10.216,major,0.0274,0.379,0.00000352,0.108,0.223,100.072,215920,3,"F# major",new_holiday_songs,https://mosaic.scdn.co/640/5f79f928a45b878579e1fffc9e4aefb362ca53fd939adaa29092810cc1c44965b5a5781e38ee7e65d95f2279ad49512299646dadf9e3e11c09c94c5ee06f3ddadf59ee24504fc02bfe205945807a2437,Away In a Manger,Casting Crowns,Peace On Earth,https://i.scdn.co/image/a7a90e08d4377defa9fc5ee4b346f11bcc3e57dd
34,1mH6tZC6iXIHPI6EixCwxw,0.383,0.914,A,-6.43,major,0.0515,0.00422,0.000014,0.444,0.528,139.955,278947,4,A major,new_holiday_songs,https://mosaic.scdn.co/640/5f79f928a45b878579e1fffc9e4aefb362ca53fd939adaa29092810cc1c44965b5a5781e38ee7e65d95f2279ad49512299646dadf9e3e11c09c94c5ee06f3ddadf59ee24504fc02bfe205945807a2437,I Wish It Could Be Christmas Everyday,Wizzard,I Wish It Could Be Christmas Everyday,https://i.scdn.co/image/a9a6d16f818ff91fa4ca8cbbaa35abd47c94a5b4
35,1qUNMljTcCUraMU82IU7aN,0.714,0.295,C,-12.652,major,0.0347,0.834,0.000192,0.135,0.532,131.566,195173,4,C major,new_holiday_songs,https://mosaic.scdn.co/640/5f79f928a45b878579e1fffc9e4aefb362ca53fd939adaa29092810cc1c44965b5a5781e38ee7e65d95f2279ad49512299646dadf9e3e11c09c94c5ee06f3ddadf59ee24504fc02bfe205945807a2437,Silver Bells,Tony Bennett,The Classic Christmas Album,https://i.scdn.co/image/9d541ea10ce9b2a04f1c9b6daa1614ea85481d5d
36,1sFWEpf1aPYN576LS1aa4Y,0.17,0.362,"A#",-11.673,major,0.0347,0.812,0,0.113,0.244,176.849,219293,3,"A# major",new_holiday_songs,https://mosaic.scdn.co/640/5f79f928a45b878579e1fffc9e4aefb362ca53fd939adaa29092810cc1c44965b5a5781e38ee7e65d95f2279ad49512299646dadf9e3e11c09c94c5ee06f3ddadf59ee24504fc02bfe205945807a2437,Silent Night,Mariah Carey,Merry Christmas,https://i.scdn.co/image/e06f3ddadf59ee24504fc02bfe205945807a2437
37,1Udy17gjGeZPNdmmcLjl7L,0.363,0.205,F,-9.301,major,0.0271,0.916,0.0000016,0.105,0.18,82.932,141240,4,F major,new_holiday_songs,https://mosaic.scdn.co/640/5f79f928a45b878579e1fffc9e4aefb362ca53fd939adaa29092810cc1c44965b5a5781e38ee7e65d95f2279ad49512299646dadf9e3e11c09c94c5ee06f3ddadf59ee24504fc02bfe205945807a2437,Real Love,Tom Odell,Real Love,https://i.scdn.co/image/8200f7371b682235b91958a96da4c1d549322827
38,1UebLMXVLAaAYoFXxegCIP,0.574,0.536,B,-7.291,major,0.0323,0.311,0,0.222,0.158,118.199,241280,4,B major,new_holiday_songs,https://mosaic.scdn.co/640/5f79f928a45b878579e1fffc9e4aefb362ca53fd939adaa29092810cc1c44965b5a5781e38ee7e65d95f2279ad49512299646dadf9e3e11c09c94c5ee06f3ddadf59ee24504fc02bfe205945807a2437,The Star,Mariah Carey,The Star,https://i.scdn.co/image/fa44b1710dc05f20b0af4706ec642ad65d6a48a7
39,1Ym1qNUYEdETwST2NZDXA7,0.675,0.877,"C#",-4.508,minor,0.0373,0.00974,0,0.333,0.67,128.018,194360,4,"C# minor",new_holiday_songs,https://mosaic.scdn.co/640/5f79f928a45b878579e1fffc9e4aefb362ca53fd939adaa29092810cc1c44965b5a5781e38ee7e65d95f2279ad49512299646dadf9e3e11c09c94c5ee06f3ddadf59ee24504fc02bfe205945807a2437,Wrap Me Up Under the Christmas Tree,A Great Big World,Wrap Me Up Under the Christmas Tree,https://i.scdn.co/image/5bc052e72f5c0ffe8b9552b5ac3bc382d10029f2
40,1Zrt3eIobdcn7fJ0i1kjzW,0.52,0.271,"G#",-9.806,major,0.0299,0.618,0,0.109,0.509,110.789,166547,4,"G# major",new_holiday_songs,https://mosaic.scdn.co/640/5f79f928a45b878579e1fffc9e4aefb362ca53fd939adaa29092810cc1c44965b5a5781e38ee7e65d95f2279ad49512299646dadf9e3e11c09c94c5ee06f3ddadf59ee24504fc02bfe205945807a2437,"Baby, It's Cold Outside (Glee Cast Version) (feat. Darren Criss)",Glee Cast,Christmas Hits,https://i.scdn.co/image/939adaa29092810cc1c44965b5a5781e38ee7e65
41,20LrBAifyvdgXvh3Zah6KF,0.476,0.449,G,-7.474,major,0.0452,0.331,0,0.117,0.515,182.905,176680,3,G major,new_holiday_songs,https://mosaic.scdn.co/640/5f79f928a45b878579e1fffc9e4aefb362ca53fd939adaa29092810cc1c44965b5a5781e38ee7e65d95f2279ad49512299646dadf9e3e11c09c94c5ee06f3ddadf59ee24504fc02bfe205945807a2437,Please Come Home For Christmas,Anthony Hamilton,Home For The Holidays,https://i.scdn.co/image/63af03efdbd1180fe298726fe9f670ec582ab1dd
42,23zpbHaZGv6yHaT88QlxTd,0.81,0.486,B,-13.442,minor,0.265,0.00281,0.0000626,0.0949,0.614,95.166,178107,4,B minor,new_holiday_songs,https://mosaic.scdn.co/640/5f79f928a45b878579e1fffc9e4aefb362ca53fd939adaa29092810cc1c44965b5a5781e38ee7e65d95f2279ad49512299646dadf9e3e11c09c94c5ee06f3ddadf59ee24504fc02bfe205945807a2437,Christmas In Hollis,Run–D.M.C.,Christmas Hits,https://i.scdn.co/image/939adaa29092810cc1c44965b5a5781e38ee7e65
43,25xgW0go6n2VEyiTclAkBK,0.764,0.162,F,-10.16,major,0.0488,0.811,0,0.121,0.663,148.142,130520,4,F major,new_holiday_songs,https://mosaic.scdn.co/640/5f79f928a45b878579e1fffc9e4aefb362ca53fd939adaa29092810cc1c44965b5a5781e38ee7e65d95f2279ad49512299646dadf9e3e11c09c94c5ee06f3ddadf59ee24504fc02bfe205945807a2437,Frosty the Snowman,Fiona Apple,I'll Be Home For Christmas,https://i.scdn.co/image/08f834b771ce747e37a70c6fa168375ba42fc5a6
44,299lFlaAsNQdgbIZNPmIA0,0.388,0.145,A,-19.697,minor,0.0318,0.978,0.00000686,0.0997,0.0911,75.474,166387,3,A minor,new_holiday_songs,https://mosaic.scdn.co/640/5f79f928a45b878579e1fffc9e4aefb362ca53fd939adaa29092810cc1c44965b5a5781e38ee7e65d95f2279ad49512299646dadf9e3e11c09c94c5ee06f3ddadf59ee24504fc02bfe205945807a2437,Christmas Time Is Here - Vocal,Vince Guaraldi Trio,A Charlie Brown Christmas [2012 Remastered & Expanded Edition],https://i.scdn.co/image/9b0dc1ddae0f29dd4f314629e0450ca2f77365ed
45,2BuodTguympeX1JrAxZ8HN,0.155,0.287,F,-11.444,minor,0.0321,0.941,0.0229,0.201,0.127,92.366,144747,4,F minor,new_holiday_songs,https://mosaic.scdn.co/640/5f79f928a45b878579e1fffc9e4aefb362ca53fd939adaa29092810cc1c44965b5a5781e38ee7e65d95f2279ad49512299646dadf9e3e11c09c94c5ee06f3ddadf59ee24504fc02bfe205945807a2437,I'll Be Home for Christmas,Doris Day,Christmas Hits,https://i.scdn.co/image/939adaa29092810cc1c44965b5a5781e38ee7e65
46,2fUcw8H81f2XJqRfqWYW93,0.272,0.45,"G#",-6.495,major,0.0309,0.329,0,0.0758,0.331,79.092,188145,4,"G# major",new_holiday_songs,https://mosaic.scdn.co/640/5f79f928a45b878579e1fffc9e4aefb362ca53fd939adaa29092810cc1c44965b5a5781e38ee7e65d95f2279ad49512299646dadf9e3e11c09c94c5ee06f3ddadf59ee24504fc02bfe205945807a2437,Holidays Are Coming (from the Coca-Cola Campaign) (feat. Camélia Jordana & Namika),The Kingdom Choir,Holidays Are Coming (from the Coca-Cola Campaign) (feat. Camélia Jordana & Namika),https://i.scdn.co/image/443c29d8b1c98160c39694bf981a64d1cbd10223
47,2hON3z0PTxwx9u4zzEyFRo,0.619,0.399,C,-13.504,major,0.0473,0.798,0.000529,0.138,0.961,94.36,113333,4,C major,new_holiday_songs,https://mosaic.scdn.co/640/5f79f928a45b878579e1fffc9e4aefb362ca53fd939adaa29092810cc1c44965b5a5781e38ee7e65d95f2279ad49512299646dadf9e3e11c09c94c5ee06f3ddadf59ee24504fc02bfe205945807a2437,Santa Bring My Baby Back (To Me),Elvis Presley,Elvis' Christmas Album,https://i.scdn.co/image/d8ec333974abb5987719025a55a7395a22becb79
48,2kZ4jU6mSc6n4iM5T2kpfh,0.484,0.191,G,-9.642,major,0.0294,0.886,0,0.18,0.146,110.183,193387,4,G major,new_holiday_songs,https://mosaic.scdn.co/640/5f79f928a45b878579e1fffc9e4aefb362ca53fd939adaa29092810cc1c44965b5a5781e38ee7e65d95f2279ad49512299646dadf9e3e11c09c94c5ee06f3ddadf59ee24504fc02bfe205945807a2437,Half the World Away,OT,Half the World Away,https://i.scdn.co/image/04265f6960f6050006d080b50f4c90acce9a12cd
49,2osywe1cJ8mwmAYa25wN7X,0.638,0.291,"G#",-17.458,major,0.0516,0.819,0.0000348,0.242,0.488,110.579,134640,4,"G# major",new_holiday_songs,https://mosaic.scdn.co/640/5f79f928a45b878579e1fffc9e4aefb362ca53fd939adaa29092810cc1c44965b5a5781e38ee7e65d95f2279ad49512299646dadf9e3e11c09c94c5ee06f3ddadf59ee24504fc02bfe205945807a2437,It's Beginning to Look a Lot Like Christmas,Johnny Mathis,The Christmas Music Of Johnny Mathis: A Personal Collection,https://i.scdn.co/image/b78a4878bd10a71672b7ff578b7e5ab9b4de9c16
50,2PtKui5SZQf4KtAGiEJh7B,0.842,0.448,"C#",-8.616,major,0.0336,0.803,0,0.175,0.977,96.63,151413,4,"C# major",new_holiday_songs,https://mosaic.scdn.co/640/5f79f928a45b878579e1fffc9e4aefb362ca53fd939adaa29092810cc1c44965b5a5781e38ee7e65d95f2279ad49512299646dadf9e3e11c09c94c5ee06f3ddadf59ee24504fc02bfe205945807a2437,Here Comes Santa Claus (Right Down Santa Claus Lane),Gene Autry,Christmas Hits,https://i.scdn.co/image/939adaa29092810cc1c44965b5a5781e38ee7e65
51,2S96r2pepRxVn0bw74dcZn,0.618,0.716,E,-7.463,major,0.0301,0.758,0.922,0.0896,0.494,145.98,212333,3,E major,new_holiday_songs,https://mosaic.scdn.co/640/5f79f928a45b878579e1fffc9e4aefb362ca53fd939adaa29092810cc1c44965b5a5781e38ee7e65d95f2279ad49512299646dadf9e3e11c09c94c5ee06f3ddadf59ee24504fc02bfe205945807a2437,Angels We Have Heard on High,The Piano Guys,A Family Christmas,https://i.scdn.co/image/3714246cfc8234089e21f1be99a4c842ca64dc1d
52,2snThw2Vm8oCwfdsF9RZzg,0.356,0.704,D,-4.024,major,0.0358,0.475,0,0.0934,0.652,67.07,151067,4,D major,new_holiday_songs,https://mosaic.scdn.co/640/5f79f928a45b878579e1fffc9e4aefb362ca53fd939adaa29092810cc1c44965b5a5781e38ee7e65d95f2279ad49512299646dadf9e3e11c09c94c5ee06f3ddadf59ee24504fc02bfe205945807a2437,It's the Most Wonderful Time of the Year,David Campbell,Baby It's Christmas,https://i.scdn.co/image/32ab12092bbb727207fe3bac12c23fa202eefe86
53,2TMwa7JqgnTxo6koLACzjh,0.564,0.25,C,-16.092,major,0.0301,0.788,0.000206,0.0643,0.157,132.015,231782,4,C major,new_holiday_songs,https://mosaic.scdn.co/640/5f79f928a45b878579e1fffc9e4aefb362ca53fd939adaa29092810cc1c44965b5a5781e38ee7e65d95f2279ad49512299646dadf9e3e11c09c94c5ee06f3ddadf59ee24504fc02bfe205945807a2437,Sana Ngayong Pasko,Ariel Rivera,Paskong Walang Katulad,https://i.scdn.co/image/8e2b02c7cf300b4ea01c5cf2fe44c9c62921eda2
54,2v2EYR4AYGeup25aJHnwQc,0.3,0.306,"G#",-11.865,major,0.0303,0.898,0,0.211,0.579,95.644,143107,3,"G# major",new_holiday_songs,https://mosaic.scdn.co/640/5f79f928a45b878579e1fffc9e4aefb362ca53fd939adaa29092810cc1c44965b5a5781e38ee7e65d95f2279ad49512299646dadf9e3e11c09c94c5ee06f3ddadf59ee24504fc02bfe205945807a2437,Silver Bells,Dean Martin,Christmas Hits,https://i.scdn.co/image/939adaa29092810cc1c44965b5a5781e38ee7e65
55,2wYGLfP09MvR5p2FJEEuIi,0.576,0.871,B,-5.514,major,0.042,0.0109,0,0.179,0.679,113.65,182600,4,B major,new_holiday_songs,https://mosaic.scdn.co/640/5f79f928a45b878579e1fffc9e4aefb362ca53fd939adaa29092810cc1c44965b5a5781e38ee7e65d95f2279ad49512299646dadf9e3e11c09c94c5ee06f3ddadf59ee24504fc02bfe205945807a2437,Joy to the World,Aretha Franklin,Christmas Hits,https://i.scdn.co/image/939adaa29092810cc1c44965b5a5781e38ee7e65
56,32h59T8q2SonUPJ006lyXt,0.575,0.744,"C#",-5.466,major,0.0603,0.0687,0,0.0723,0.701,183.79,241507,4,"C# major",new_holiday_songs,https://mosaic.scdn.co/640/5f79f928a45b878579e1fffc9e4aefb362ca53fd939adaa29092810cc1c44965b5a5781e38ee7e65d95f2279ad49512299646dadf9e3e11c09c94c5ee06f3ddadf59ee24504fc02bfe205945807a2437,This Christmas,Christina Aguilera,My Kind Of Christmas,https://i.scdn.co/image/5f52e8eb4ae6727e533bbd54c8c0047022def4fa
57,35p4bdA1QEyvFjcDqwBs2L,0.467,0.679,"D#",-6.255,major,0.174,0.485,0,0.136,0.701,79.988,206867,4,"D# major",new_holiday_songs,https://mosaic.scdn.co/640/5f79f928a45b878579e1fffc9e4aefb362ca53fd939adaa29092810cc1c44965b5a5781e38ee7e65d95f2279ad49512299646dadf9e3e11c09c94c5ee06f3ddadf59ee24504fc02bfe205945807a2437,Navidades Han Llegado,Raffaella Carrà,Ogni volta che è Natale,https://i.scdn.co/image/9bcd3c4f666cd27a7b2cd92b97f02ee58522ab04
58,37yJoskChy2R0VGzZv0506,0.535,0.489,G,-8.137,minor,0.0529,0.8,0.000002,0.107,0.921,167.808,84733,3,G minor,new_holiday_songs,https://mosaic.scdn.co/640/5f79f928a45b878579e1fffc9e4aefb362ca53fd939adaa29092810cc1c44965b5a5781e38ee7e65d95f2279ad49512299646dadf9e3e11c09c94c5ee06f3ddadf59ee24504fc02bfe205945807a2437,Carol of the Bells,Celtic Thunder,Holiday Symphony,https://i.scdn.co/image/adac891a42037ed749eea111f8583f962cb014f2
59,39Phr9UPoX79GvsyZcITl1,0.55,0.698,G,-4.708,major,0.0242,0.269,0,0.0358,0.429,144.03,256560,4,G major,new_holiday_songs,https://mosaic.scdn.co/640/5f79f928a45b878579e1fffc9e4aefb362ca53fd939adaa29092810cc1c44965b5a5781e38ee7e65d95f2279ad49512299646dadf9e3e11c09c94c5ee06f3ddadf59ee24504fc02bfe205945807a2437,Christmas Time,Backstreet Boys,Christmas Hits,https://i.scdn.co/image/939adaa29092810cc1c44965b5a5781e38ee7e65
60,3ad40z4gdoTTOdt7XNnjqQ,0.42,0.503,C,-7.803,minor,0.0368,0.849,0,0.193,0.554,114.94,132600,4,C minor,new_holiday_songs,https://mosaic.scdn.co/640/5f79f928a45b878579e1fffc9e4aefb362ca53fd939adaa29092810cc1c44965b5a5781e38ee7e65d95f2279ad49512299646dadf9e3e11c09c94c5ee06f3ddadf59ee24504fc02bfe205945807a2437,Winter Wonderland,Tony Bennett,Christmas Hits,https://i.scdn.co/image/939adaa29092810cc1c44965b5a5781e38ee7e65
61,3B7FO3kJ5kv3mX7yiaB7sT,0.362,0.505,E,-7.208,major,0.0287,0.367,0.00000646,0.154,0.192,174.066,266933,3,E major,new_holiday_songs,https://mosaic.scdn.co/640/5f79f928a45b878579e1fffc9e4aefb362ca53fd939adaa29092810cc1c44965b5a5781e38ee7e65d95f2279ad49512299646dadf9e3e11c09c94c5ee06f3ddadf59ee24504fc02bfe205945807a2437,O Holy Night,Mariah Carey,Merry Christmas,https://i.scdn.co/image/e06f3ddadf59ee24504fc02bfe205945807a2437
62,3DnYHzeul8cWJDEuTFd79H,0.494,0.341,C,-11.217,major,0.128,0.849,0,0.323,0.594,156.125,220760,4,C major,new_holiday_songs,https://mosaic.scdn.co/640/5f79f928a45b878579e1fffc9e4aefb362ca53fd939adaa29092810cc1c44965b5a5781e38ee7e65d95f2279ad49512299646dadf9e3e11c09c94c5ee06f3ddadf59ee24504fc02bfe205945807a2437,Sleigh Ride,"Harry Connick, Jr.",When My Heart Finds Christmas,https://i.scdn.co/image/a580849344a1b1531bbf86b2e042664f54d5b6b9
63,3DzYn4QDEQcyLMD1DQTbYw,0.346,0.802,B,-5.135,minor,0.133,0.143,0,0.207,0.624,179.547,169093,3,B minor,new_holiday_songs,https://mosaic.scdn.co/640/5f79f928a45b878579e1fffc9e4aefb362ca53fd939adaa29092810cc1c44965b5a5781e38ee7e65d95f2279ad49512299646dadf9e3e11c09c94c5ee06f3ddadf59ee24504fc02bfe205945807a2437,My Favorite Things,Kelly Clarkson,Wrapped In Red,https://i.scdn.co/image/df6a48dc94245be056b35262606c7adfd1821b99
64,3E6Ydoy1H8ePoigc10Mgsa,0.716,0.512,"C#",-6.257,major,0.0331,0.483,0,0.0928,0.326,104.957,165907,3,"C# major",new_holiday_songs,https://mosaic.scdn.co/640/5f79f928a45b878579e1fffc9e4aefb362ca53fd939adaa29092810cc1c44965b5a5781e38ee7e65d95f2279ad49512299646dadf9e3e11c09c94c5ee06f3ddadf59ee24504fc02bfe205945807a2437,Snowman,Sia,Everyday Is Christmas,https://i.scdn.co/image/77eb7c17cafe550382e885d1873e9bb7de519e1e
65,3Fu6XvAT5yjzO8GMcvuM1s,0.719,0.504,B,-6.338,minor,0.0418,0.0601,0,0.256,0.81,75.514,127773,4,B minor,new_holiday_songs,https://mosaic.scdn.co/640/5f79f928a45b878579e1fffc9e4aefb362ca53fd939adaa29092810cc1c44965b5a5781e38ee7e65d95f2279ad49512299646dadf9e3e11c09c94c5ee06f3ddadf59ee24504fc02bfe205945807a2437,Rockin' Around the Christmas Tree,Pentatonix,Christmas Is Here!,https://i.scdn.co/image/d95f2279ad49512299646dadf9e3e11c09c94c5e
66,3ILZNhiwZtZ3fVVI65WC6e,0.795,0.548,"D#",-8.072,major,0.199,0.163,0,0.0838,0.725,112.342,149200,4,"D# major",new_holiday_songs,https://mosaic.scdn.co/640/5f79f928a45b878579e1fffc9e4aefb362ca53fd939adaa29092810cc1c44965b5a5781e38ee7e65d95f2279ad49512299646dadf9e3e11c09c94c5ee06f3ddadf59ee24504fc02bfe205945807a2437,Lights On (feat. Ryan Beatty & Santigold),"Tyler, The Creator",Music Inspired by Illumination & Dr. Seuss' The Grinch,https://i.scdn.co/image/0d44bf5627754eaef0d7eda82afd1db895b81fd8
67,3kWmXwAtpnnllwkhGdBBPL,0.712,0.404,F,-15.16,major,0.0398,0.945,0.000483,0.107,0.469,59.874,153373,4,F major,new_holiday_songs,https://mosaic.scdn.co/640/5f79f928a45b878579e1fffc9e4aefb362ca53fd939adaa29092810cc1c44965b5a5781e38ee7e65d95f2279ad49512299646dadf9e3e11c09c94c5ee06f3ddadf59ee24504fc02bfe205945807a2437,The Little Drummer Boy,Johnny Cash,Christmas Hits,https://i.scdn.co/image/939adaa29092810cc1c44965b5a5781e38ee7e65
68,3QiAAp20rPC3dcAtKtMaqQ,0.465,0.27,E,-16.661,major,0.0425,0.902,0.00104,0.145,0.58,94.519,129173,4,E major,new_holiday_songs,https://mosaic.scdn.co/640/5f79f928a45b878579e1fffc9e4aefb362ca53fd939adaa29092810cc1c44965b5a5781e38ee7e65d95f2279ad49512299646dadf9e3e11c09c94c5ee06f3ddadf59ee24504fc02bfe205945807a2437,Blue Christmas,Elvis Presley,Elvis' Christmas Album,https://i.scdn.co/image/d8ec333974abb5987719025a55a7395a22becb79
69,3sbIQ94CXH0Up1Xlg01Ay3,0.725,0.276,G,-12.25,major,0.0599,0.76,0,0.116,0.717,112.89,155933,4,G major,new_holiday_songs,https://mosaic.scdn.co/640/5f79f928a45b878579e1fffc9e4aefb362ca53fd939adaa29092810cc1c44965b5a5781e38ee7e65d95f2279ad49512299646dadf9e3e11c09c94c5ee06f3ddadf59ee24504fc02bfe205945807a2437,It's Beginning to Look a Lot Like Christmas (with Mitchell Ayres & His Orchestra),Perry Como,Christmas Hits,https://i.scdn.co/image/939adaa29092810cc1c44965b5a5781e38ee7e65
70,3sDdyBHQ60Cs1opmIyRvhp,0.505,0.451,A,-10.193,minor,0.0329,0.727,0,0.233,0.744,74.347,156867,4,A minor,new_holiday_songs,https://mosaic.scdn.co/640/5f79f928a45b878579e1fffc9e4aefb362ca53fd939adaa29092810cc1c44965b5a5781e38ee7e65d95f2279ad49512299646dadf9e3e11c09c94c5ee06f3ddadf59ee24504fc02bfe205945807a2437,Happy Holiday / The Holiday Season,Andy Williams,The Andy Williams Christmas Album,https://i.scdn.co/image/a3e8629ce4030dc985bdffca9b1b854ac9c8dadf
71,3szI9hDVbyOYU0yd77G35n,0.499,0.545,B,-10.476,major,0.0366,0.822,0,0.187,0.634,110.545,160947,4,B major,new_holiday_songs,https://mosaic.scdn.co/640/5f79f928a45b878579e1fffc9e4aefb362ca53fd939adaa29092810cc1c44965b5a5781e38ee7e65d95f2279ad49512299646dadf9e3e11c09c94c5ee06f3ddadf59ee24504fc02bfe205945807a2437,A Marshmallow World,Dean Martin,The Dean Martin Christmas Album,https://i.scdn.co/image/61499b2028111eeec40cd0f22e867d3b27a3ca2d
72,3upWWSPnaV7UNmZjMQICN8,0.721,0.615,D,-6.689,major,0.229,0.169,0,0.329,0.45,89.913,117440,4,D major,new_holiday_songs,https://mosaic.scdn.co/640/5f79f928a45b878579e1fffc9e4aefb362ca53fd939adaa29092810cc1c44965b5a5781e38ee7e65d95f2279ad49512299646dadf9e3e11c09c94c5ee06f3ddadf59ee24504fc02bfe205945807a2437,Sleigh Ride,Tamar Braxton,I'll Be Home For Christmas,https://i.scdn.co/image/08f834b771ce747e37a70c6fa168375ba42fc5a6
73,3VTNVsTTu05dmTsVFrmGpK,0.319,0.651,D,-6.335,major,0.0342,0.501,0.0000473,0.241,0.474,118.501,272200,4,D major,new_holiday_songs,https://mosaic.scdn.co/640/5f79f928a45b878579e1fffc9e4aefb362ca53fd939adaa29092810cc1c44965b5a5781e38ee7e65d95f2279ad49512299646dadf9e3e11c09c94c5ee06f3ddadf59ee24504fc02bfe205945807a2437,Fairytale of New York (feat. Kirsty MacColl),The Pogues,If I Should Fall From Grace With God (Expanded),https://i.scdn.co/image/28a0ae8f93bdb5148a56838906393906be53a6f9
74,3w88zg08rzoo8zZsvnWD99,0.53,0.14,"D#",-15.702,major,0.0516,0.733,0,0.119,0.416,66.912,228547,4,"D# major",new_holiday_songs,https://mosaic.scdn.co/640/5f79f928a45b878579e1fffc9e4aefb362ca53fd939adaa29092810cc1c44965b5a5781e38ee7e65d95f2279ad49512299646dadf9e3e11c09c94c5ee06f3ddadf59ee24504fc02bfe205945807a2437,Home for Christmas,Maria Mena,Christmas Hits,https://i.scdn.co/image/939adaa29092810cc1c44965b5a5781e38ee7e65
75,3xvFTqHmlMqKjHgczCGn2C,0.633,0.331,C,-9.232,major,0.0528,0.961,0,0.12,0.68,119.809,112872,4,C major,new_holiday_songs,https://mosaic.scdn.co/640/5f79f928a45b878579e1fffc9e4aefb362ca53fd939adaa29092810cc1c44965b5a5781e38ee7e65d95f2279ad49512299646dadf9e3e11c09c94c5ee06f3ddadf59ee24504fc02bfe205945807a2437,"Baby, It's Cold Outside",Lydia Liza,"Baby, It's Cold Outside",https://i.scdn.co/image/ca02c16278b939f1f21399eacccb4298353910a7
76,3y8Z2sOJrBt6yKEfsZG1NY,0.703,0.802,D,-4.408,major,0.0286,0.68,0,0.206,0.815,128.847,122400,4,D major,new_holiday_songs,https://mosaic.scdn.co/640/5f79f928a45b878579e1fffc9e4aefb362ca53fd939adaa29092810cc1c44965b5a5781e38ee7e65d95f2279ad49512299646dadf9e3e11c09c94c5ee06f3ddadf59ee24504fc02bfe205945807a2437,Jingle Bell Rock,Daryl Hall & John Oates,Christmas Hits,https://i.scdn.co/image/939adaa29092810cc1c44965b5a5781e38ee7e65
77,3z0TQeYRBJDpZBQAPbIZAs,0.383,0.144,"A#",-8.588,major,0.0403,0.958,0,0.0987,0.167,173.44,262147,4,"A# major",new_holiday_songs,https://mosaic.scdn.co/640/5f79f928a45b878579e1fffc9e4aefb362ca53fd939adaa29092810cc1c44965b5a5781e38ee7e65d95f2279ad49512299646dadf9e3e11c09c94c5ee06f3ddadf59ee24504fc02bfe205945807a2437,River,Ward Thomas,River,https://i.scdn.co/image/431f707ec80508b952bddbf8012e8e5a1575875b
78,3zJw3rugfpVrmBeDDnUYzy,0.328,0.607,D,-11.076,major,0.0315,0.319,0,0.765,0.395,146.539,213880,3,D major,new_holiday_songs,https://mosaic.scdn.co/640/5f79f928a45b878579e1fffc9e4aefb362ca53fd939adaa29092810cc1c44965b5a5781e38ee7e65d95f2279ad49512299646dadf9e3e11c09c94c5ee06f3ddadf59ee24504fc02bfe205945807a2437,Happy Xmas (War Is Over) - Remastered,John Lennon,Power To The People - The Hits,https://i.scdn.co/image/2b8d8b3d509bf68a05aad85b8bbbc714b1d15bf2
79,45nLgLtSiGCTtMFTsN6KeA,0.512,0.327,B,-8.027,minor,0.0264,0.269,0,0.0953,0.17,105.035,201067,4,B minor,new_holiday_songs,https://mosaic.scdn.co/640/5f79f928a45b878579e1fffc9e4aefb362ca53fd939adaa29092810cc1c44965b5a5781e38ee7e65d95f2279ad49512299646dadf9e3e11c09c94c5ee06f3ddadf59ee24504fc02bfe205945807a2437,"Mary, Did You Know?",Pentatonix,Christmas Hits,https://i.scdn.co/image/939adaa29092810cc1c44965b5a5781e38ee7e65
80,47qXmZMqUZDXSnP5zONlwY,0.339,0.375,"G#",-6.146,major,0.0311,0.203,0,0.116,0.182,121.811,281973,4,"G# major",new_holiday_songs,https://mosaic.scdn.co/640/5f79f928a45b878579e1fffc9e4aefb362ca53fd939adaa29092810cc1c44965b5a5781e38ee7e65d95f2279ad49512299646dadf9e3e11c09c94c5ee06f3ddadf59ee24504fc02bfe205945807a2437,Grown-Up Christmas List (feat. Kelly Clarkson),Pentatonix,Christmas Is Here!,https://i.scdn.co/image/d95f2279ad49512299646dadf9e3e11c09c94c5e
81,4DlFHi3tiseC0mQUzxvedg,0.261,0.376,C,-9.174,major,0.0319,0.784,0,0.0991,0.406,171.598,234027,3,C major,new_holiday_songs,https://mosaic.scdn.co/640/5f79f928a45b878579e1fffc9e4aefb362ca53fd939adaa29092810cc1c44965b5a5781e38ee7e65d95f2279ad49512299646dadf9e3e11c09c94c5ee06f3ddadf59ee24504fc02bfe205945807a2437,Christmas Peacetime,Andreas Weise,Christmas Peacetime,https://i.scdn.co/image/389bb2c6cb0cc9a6e0a2099fbb4934053736fa34
82,4dQI4FFpcaQxgz3VlsPYI5,0.63,0.653,G,-4.594,major,0.0282,0.194,0,0.0989,0.675,119.954,174120,4,G major,new_holiday_songs,https://mosaic.scdn.co/640/5f79f928a45b878579e1fffc9e4aefb362ca53fd939adaa29092810cc1c44965b5a5781e38ee7e65d95f2279ad49512299646dadf9e3e11c09c94c5ee06f3ddadf59ee24504fc02bfe205945807a2437,"Christmas Is Just Around The Corner (From ""Cranberry Christmas"")",Barry Manilow,In The Swing Of Christmas,https://i.scdn.co/image/9cb813465fab7e498e59b36ef1e6a262ef0d709a
83,4HMptEInOi2qAZHRh8MCMj,0.744,0.268,G,-16.925,major,0.0633,0.663,0.0513,0.118,0.7,147.322,143933,4,G major,new_holiday_songs,https://mosaic.scdn.co/640/5f79f928a45b878579e1fffc9e4aefb362ca53fd939adaa29092810cc1c44965b5a5781e38ee7e65d95f2279ad49512299646dadf9e3e11c09c94c5ee06f3ddadf59ee24504fc02bfe205945807a2437,Frosty the Snowman,Willie Nelson,Pretty Paper,https://i.scdn.co/image/720cdcacd3dd398b2757a8935983caa9bc8f3de0
84,4jDXtVGAmIqu3Fc8ODzhmb,0.382,0.558,A,-6.399,major,0.0341,0.316,0,0.115,0.178,125.512,232467,4,A major,new_holiday_songs,https://mosaic.scdn.co/640/5f79f928a45b878579e1fffc9e4aefb362ca53fd939adaa29092810cc1c44965b5a5781e38ee7e65d95f2279ad49512299646dadf9e3e11c09c94c5ee06f3ddadf59ee24504fc02bfe205945807a2437,When You Believe (with Maren Morris),Pentatonix,Christmas Is Here!,https://i.scdn.co/image/d95f2279ad49512299646dadf9e3e11c09c94c5e
85,4kZqBZ1cihUH8SoBZ3PBrd,0.711,0.602,G,-5.698,major,0.0691,0.131,0,0.0633,0.823,110.947,215933,4,G major,new_holiday_songs,https://mosaic.scdn.co/640/5f79f928a45b878579e1fffc9e4aefb362ca53fd939adaa29092810cc1c44965b5a5781e38ee7e65d95f2279ad49512299646dadf9e3e11c09c94c5ee06f3ddadf59ee24504fc02bfe205945807a2437,"O Come, All Ye Faithful",Pentatonix,A Pentatonix Christmas Deluxe,https://i.scdn.co/image/3329bc2e25d9a2d4908753ec0739931e13374568
86,4mS0kNelJEq1u2siN6RIrB,0.337,0.483,A,-6.517,major,0.0427,0.661,0,0.0972,0.128,164.236,192707,3,A major,new_holiday_songs,https://mosaic.scdn.co/640/5f79f928a45b878579e1fffc9e4aefb362ca53fd939adaa29092810cc1c44965b5a5781e38ee7e65d95f2279ad49512299646dadf9e3e11c09c94c5ee06f3ddadf59ee24504fc02bfe205945807a2437,The Christmas Song (Chestnuts Roasting on an Open Fire),Whitney Houston,One Wish / The Holiday Album,https://i.scdn.co/image/cb95b4372cf4c4efdd4da66a267809130a835630
87,4nAR2gfX6f5kTbloGnp8FZ,0.504,0.604,"D#",-5.256,major,0.0258,0.474,0,0.336,0.163,86.147,254707,4,"D# major",new_holiday_songs,https://mosaic.scdn.co/640/5f79f928a45b878579e1fffc9e4aefb362ca53fd939adaa29092810cc1c44965b5a5781e38ee7e65d95f2279ad49512299646dadf9e3e11c09c94c5ee06f3ddadf59ee24504fc02bfe205945807a2437,Happy Xmas (War Is Over),Céline Dion,Christmas Hits,https://i.scdn.co/image/939adaa29092810cc1c44965b5a5781e38ee7e65
88,4QMZUqcREVkCdm6NH8NyQD,0.625,0.473,D,-5.242,major,0.0536,0.897,0,0.363,0.807,142.99,155413,4,D major,new_holiday_songs,https://mosaic.scdn.co/640/5f79f928a45b878579e1fffc9e4aefb362ca53fd939adaa29092810cc1c44965b5a5781e38ee7e65d95f2279ad49512299646dadf9e3e11c09c94c5ee06f3ddadf59ee24504fc02bfe205945807a2437,Let It Snow! Let It Snow! Let It Snow! (with The B. Swanson Quartet),Frank Sinatra,Christmas Hits,https://i.scdn.co/image/939adaa29092810cc1c44965b5a5781e38ee7e65
89,4UEPinRjSnbWKqDVhc0QHJ,0.355,0.668,C,-8.444,major,0.0482,0.362,0.00000123,0.727,0.413,139.734,267600,4,C major,new_holiday_songs,https://mosaic.scdn.co/640/5f79f928a45b878579e1fffc9e4aefb362ca53fd939adaa29092810cc1c44965b5a5781e38ee7e65d95f2279ad49512299646dadf9e3e11c09c94c5ee06f3ddadf59ee24504fc02bfe205945807a2437,"Santa Claus Is Comin' to Town - Live at C.W. Post College, Greenvale, NY - December 1975",Bruce Springsteen,Christmas Hits,https://i.scdn.co/image/939adaa29092810cc1c44965b5a5781e38ee7e65
90,4W8cUf5xe5g8si5OijFAqZ,0.687,0.643,B,-7.677,minor,0.0406,0.0222,0.0000141,0.117,0.27,147.969,189343,4,B minor,new_holiday_songs,https://mosaic.scdn.co/640/5f79f928a45b878579e1fffc9e4aefb362ca53fd939adaa29092810cc1c44965b5a5781e38ee7e65d95f2279ad49512299646dadf9e3e11c09c94c5ee06f3ddadf59ee24504fc02bfe205945807a2437,Have Yourself a Merry Little Christmas,Mitchell Tenpenny,Have Yourself a Merry Little Christmas,https://i.scdn.co/image/0cc3639654a8ed292024e9be4ea80b45ce8afac4
91,4ymVMnhjbImQjjCq4petB2,0.573,0.78,"G#",-7.467,major,0.0283,0.0227,0,0.0927,0.718,127.132,153066,4,"G# major",new_holiday_songs,https://mosaic.scdn.co/640/5f79f928a45b878579e1fffc9e4aefb362ca53fd939adaa29092810cc1c44965b5a5781e38ee7e65d95f2279ad49512299646dadf9e3e11c09c94c5ee06f3ddadf59ee24504fc02bfe205945807a2437,Christmas (Baby Please Come Home),Mariah Carey,Merry Christmas,https://i.scdn.co/image/f13ce082cb050c8544fbae7c94a4ab66bdd004aa
92,4zMP6aieSmWQNFdp3O4Owv,0.421,0.712,"A#",-10.417,major,0.0463,0.413,0.479,0.115,0.501,184.202,188720,4,"A# major",new_holiday_songs,https://mosaic.scdn.co/640/5f79f928a45b878579e1fffc9e4aefb362ca53fd939adaa29092810cc1c44965b5a5781e38ee7e65d95f2279ad49512299646dadf9e3e11c09c94c5ee06f3ddadf59ee24504fc02bfe205945807a2437,Just Like Christmas,Low,Christmas,https://i.scdn.co/image/2bd9c1e3292f0a8cd5cbecbf7b605ad40caa91b3
93,50YYe94G19kWVyhzdEXxki,0.683,0.56,E,-6.597,minor,0.0373,0.231,0,0.0878,0.499,124.964,202680,4,E minor,new_holiday_songs,https://mosaic.scdn.co/640/5f79f928a45b878579e1fffc9e4aefb362ca53fd939adaa29092810cc1c44965b5a5781e38ee7e65d95f2279ad49512299646dadf9e3e11c09c94c5ee06f3ddadf59ee24504fc02bfe205945807a2437,Sweater Weather,Pentatonix,Christmas Is Here!,https://i.scdn.co/image/d95f2279ad49512299646dadf9e3e11c09c94c5e
94,514vD4ip2V1BhGzuosVJci,0.679,0.62,A,-8.453,minor,0.217,0.121,0,0.0976,0.67,99.761,209387,4,A minor,new_holiday_songs,https://mosaic.scdn.co/640/5f79f928a45b878579e1fffc9e4aefb362ca53fd939adaa29092810cc1c44965b5a5781e38ee7e65d95f2279ad49512299646dadf9e3e11c09c94c5ee06f3ddadf59ee24504fc02bfe205945807a2437,8 Days of Christmas - Live,Destiny's Child,Christmas Hits,https://i.scdn.co/image/939adaa29092810cc1c44965b5a5781e38ee7e65
95,51u4r13PK8Bb2aKwuMkBtc,0.344,0.313,D,-11.614,major,0.0323,0.56,0.0000215,0.101,0.167,82.555,304400,3,D major,new_holiday_songs,https://mosaic.scdn.co/640/5f79f928a45b878579e1fffc9e4aefb362ca53fd939adaa29092810cc1c44965b5a5781e38ee7e65d95f2279ad49512299646dadf9e3e11c09c94c5ee06f3ddadf59ee24504fc02bfe205945807a2437,Have Yourself a Merry Little Christmas,Luther Vandross,The Classic Christmas Album,https://i.scdn.co/image/8b8be679defb9b727bec68484688c1ae186e69e6
96,541mKUH89gViH3rPkSDecP,0.674,0.578,"F#",-6.888,major,0.114,0.0415,0,0.102,0.957,91.988,120907,4,"F# major",new_holiday_songs,https://mosaic.scdn.co/640/5f79f928a45b878579e1fffc9e4aefb362ca53fd939adaa29092810cc1c44965b5a5781e38ee7e65d95f2279ad49512299646dadf9e3e11c09c94c5ee06f3ddadf59ee24504fc02bfe205945807a2437,Let It Snow! Let It Snow! Let It Snow!,Pentatonix,A Pentatonix Christmas Deluxe,https://i.scdn.co/image/3329bc2e25d9a2d4908753ec0739931e13374568
97,54K9GOVJqIaDZNXLnnxiKc,0.658,0.56,"F#",-9.049,minor,0.0467,0.498,0,0.0794,0.854,161.994,182947,4,"F# minor",new_holiday_songs,https://mosaic.scdn.co/640/5f79f928a45b878579e1fffc9e4aefb362ca53fd939adaa29092810cc1c44965b5a5781e38ee7e65d95f2279ad49512299646dadf9e3e11c09c94c5ee06f3ddadf59ee24504fc02bfe205945807a2437,Mistletoe,Justin Bieber,Under The Mistletoe,https://i.scdn.co/image/614ca0202c97ca1af323cbeb310d27bff2825665
98,550rQQCGkrTzvp4SfpOPzx,0.321,0.377,"A#",-7.385,major,0.0361,0.454,0,0.338,0.367,119.483,268960,4,"A# major",new_holiday_songs,https://mosaic.scdn.co/640/5f79f928a45b878579e1fffc9e4aefb362ca53fd939adaa29092810cc1c44965b5a5781e38ee7e65d95f2279ad49512299646dadf9e3e11c09c94c5ee06f3ddadf59ee24504fc02bfe205945807a2437,Hallelujah,Pentatonix,A Pentatonix Christmas,https://i.scdn.co/image/974438f01ded7d031d3cc72b42eb7ef66d91ab7f
99,55k81Sv1beBPBdfU1c4F2g,0.644,0.941,F,-3.997,major,0.0469,0.115,0,0.86,0.752,105.014,254200,4,F major,new_holiday_songs,https://mosaic.scdn.co/640/5f79f928a45b878579e1fffc9e4aefb362ca53fd939adaa29092810cc1c44965b5a5781e38ee7e65d95f2279ad49512299646dadf9e3e11c09c94c5ee06f3ddadf59ee24504fc02bfe205945807a2437,"Merry Christmas, Happy Holidays",*NSYNC,Christmas Hits,https://i.scdn.co/image/939adaa29092810cc1c44965b5a5781e38ee7e65
100,5akH1MTPy8ikT98VxP1mcr,0.35,0.605,G,-7.374,major,0.0556,0.668,0,0.116,0.0612,105.852,210440,4,G major,new_holiday_songs,https://mosaic.scdn.co/640/5f79f928a45b878579e1fffc9e4aefb362ca53fd939adaa29092810cc1c44965b5a5781e38ee7e65d95f2279ad49512299646dadf9e3e11c09c94c5ee06f3ddadf59ee24504fc02bfe205945807a2437,I'm Gonna Be Loved - This Christmas,The Sam Willows,I'm Gonna Be Loved (This Christmas),https://i.scdn.co/image/c9baca2e86a28a4cdac8ac3bb9d0a0772d8e1456
101,5aqPFFCJivYjHanadZXDRJ,0.499,0.34,"A#",-7.137,minor,0.0257,0.362,0,0.106,0.174,102.906,203533,4,"A# minor",new_holiday_songs,https://mosaic.scdn.co/640/5f79f928a45b878579e1fffc9e4aefb362ca53fd939adaa29092810cc1c44965b5a5781e38ee7e65d95f2279ad49512299646dadf9e3e11c09c94c5ee06f3ddadf59ee24504fc02bfe205945807a2437,"Mary, Did You Know?",Zara Larsson,The Star - Original Motion Picture Soundtrack,https://i.scdn.co/image/fa44b1710dc05f20b0af4706ec642ad65d6a48a7
102,5b1jXYUOgAX5QAHXPVHdld,0.42,0.485,"D#",-11.007,major,0.0422,0.709,0.0000816,0.11,0.539,94.65,142600,4,"D# major",new_holiday_songs,https://mosaic.scdn.co/640/5f79f928a45b878579e1fffc9e4aefb362ca53fd939adaa29092810cc1c44965b5a5781e38ee7e65d95f2279ad49512299646dadf9e3e11c09c94c5ee06f3ddadf59ee24504fc02bfe205945807a2437,Santa Claus Is Back In Town,Elvis Presley,Elvis' Christmas Album,https://i.scdn.co/image/d8ec333974abb5987719025a55a7395a22becb79
103,5bMCMJERxfGi2jjN8AhBsB,0.348,0.723,A,-3.355,major,0.0592,0.122,0,0.113,0.442,185.28,171347,3,A major,new_holiday_songs,https://mosaic.scdn.co/640/5f79f928a45b878579e1fffc9e4aefb362ca53fd939adaa29092810cc1c44965b5a5781e38ee7e65d95f2279ad49512299646dadf9e3e11c09c94c5ee06f3ddadf59ee24504fc02bfe205945807a2437,Please Come Home for Christmas (feat. Smokey Robinson),Human Nature,The Christmas Album (Deluxe Edition),https://i.scdn.co/image/37af24a3d05b2eaf52e39aaa8594815bd1037d87
104,5eGf8gjsdP8NGkeHmpzDId,0.92,0.68,F,-3.9,major,0.0554,0.302,0,0.0993,0.85,114,192442,4,F major,new_holiday_songs,https://mosaic.scdn.co/640/5f79f928a45b878579e1fffc9e4aefb362ca53fd939adaa29092810cc1c44965b5a5781e38ee7e65d95f2279ad49512299646dadf9e3e11c09c94c5ee06f3ddadf59ee24504fc02bfe205945807a2437,Last Christmas,Jule Vera,Vera Merry Christmas,https://i.scdn.co/image/d068b6511916e4ebf6bcc1ca06dd811aa60c4849
105,5I2Zw1tJXoswUSnKkJSuwX,0.503,0.689,C,-5.047,major,0.0463,0.252,0,0.0861,0.733,82.328,146733,4,C major,new_holiday_songs,https://mosaic.scdn.co/640/5f79f928a45b878579e1fffc9e4aefb362ca53fd939adaa29092810cc1c44965b5a5781e38ee7e65d95f2279ad49512299646dadf9e3e11c09c94c5ee06f3ddadf59ee24504fc02bfe205945807a2437,What Christmas Means To Me,Stevie Wonder,The Ultimate Motown Christmas Collection,https://i.scdn.co/image/0eff84ec0c03ac9ae1bdfe5415e05cf19bffbbc4
106,5L6YSawbmY8o3ftYAfuiWa,0.273,0.171,"C#",-15.413,major,0.0352,0.892,0.0000258,0.11,0.197,84.18,190800,4,"C# major",new_holiday_songs,https://mosaic.scdn.co/640/5f79f928a45b878579e1fffc9e4aefb362ca53fd939adaa29092810cc1c44965b5a5781e38ee7e65d95f2279ad49512299646dadf9e3e11c09c94c5ee06f3ddadf59ee24504fc02bfe205945807a2437,The Christmas Song (Chestnuts Roasting On an Open Fire),Mel Tormé,Christmas Hits,https://i.scdn.co/image/939adaa29092810cc1c44965b5a5781e38ee7e65
107,5L8JAy13dLqNeJE6M2bAQr,0.516,0.793,C,-1.055,major,0.0326,0.000906,0,0.143,0.712,144.09,202872,4,C major,new_holiday_songs,https://mosaic.scdn.co/640/5f79f928a45b878579e1fffc9e4aefb362ca53fd939adaa29092810cc1c44965b5a5781e38ee7e65d95f2279ad49512299646dadf9e3e11c09c94c5ee06f3ddadf59ee24504fc02bfe205945807a2437,Father Christmas,The Unlikely Candidates,Father Christmas,https://i.scdn.co/image/02f1009188106a62dd1bb8890dd2b1238fc3f5c8
108,5lyikKk6KFWfWCuDDir9Fx,0.602,0.713,"A#",-7.58,minor,0.0351,0.041,0,0.27,0.796,141.987,116547,4,"A# minor",new_holiday_songs,https://mosaic.scdn.co/640/5f79f928a45b878579e1fffc9e4aefb362ca53fd939adaa29092810cc1c44965b5a5781e38ee7e65d95f2279ad49512299646dadf9e3e11c09c94c5ee06f3ddadf59ee24504fc02bfe205945807a2437,Rockin' Around The Christmas Tree - Recorded at Spotify Studios NYC,Miley Cyrus,Spotify Singles - Holiday,https://i.scdn.co/image/db8e1545f5fc29a96e7513fbd64ef040a52ac330
109,5mQZNEPNEKgfyojTSjpHro,0.421,0.656,"A#",-6.03,major,0.0267,0.041,0,0.0946,0.519,101.581,215467,4,"A# major",new_holiday_songs,https://mosaic.scdn.co/640/5f79f928a45b878579e1fffc9e4aefb362ca53fd939adaa29092810cc1c44965b5a5781e38ee7e65d95f2279ad49512299646dadf9e3e11c09c94c5ee06f3ddadf59ee24504fc02bfe205945807a2437,Christmas Time Is Here Again,Weeping Willows,Christmas Time Has Come,https://i.scdn.co/image/f24789954ae8fba7649eb8433c7b676ba5254ccb
110,5NJ8M8qilAzKVNOcjXfTJb,0.664,0.423,C,-10.785,major,0.0295,0.629,0,0.0871,0.848,140.432,134733,4,C major,new_holiday_songs,https://mosaic.scdn.co/640/5f79f928a45b878579e1fffc9e4aefb362ca53fd939adaa29092810cc1c44965b5a5781e38ee7e65d95f2279ad49512299646dadf9e3e11c09c94c5ee06f3ddadf59ee24504fc02bfe205945807a2437,A Holly Jolly Christmas - Single Version,Burl Ives,"Christmas Classics Featuring Rudolph The Red-Nosed Reindeer, Frosty The Snowman & The Little Drummer Boy",https://i.scdn.co/image/1f19f33fd2503fe4b2dfba7799753c3a205dd0bb
111,5oqTtv4Jx1tMvZfFNY9BxQ,0.39,0.641,C,-7.184,major,0.0607,0.427,0,0.973,0.321,77.978,254677,4,C major,new_holiday_songs,https://mosaic.scdn.co/640/5f79f928a45b878579e1fffc9e4aefb362ca53fd939adaa29092810cc1c44965b5a5781e38ee7e65d95f2279ad49512299646dadf9e3e11c09c94c5ee06f3ddadf59ee24504fc02bfe205945807a2437,Santa Oddity - Live,Umphrey's McGee,Santa Oddity (Live),https://i.scdn.co/image/77eb7c17cafe5503253ea451ab0b53b6fa434b20
112,5OxAR7XejlClnBNuDMvJ3V,0.534,0.898,E,-5.985,major,0.0926,0.02,0,0.209,0.689,149.916,120960,4,E major,new_holiday_songs,https://mosaic.scdn.co/640/5f79f928a45b878579e1fffc9e4aefb362ca53fd939adaa29092810cc1c44965b5a5781e38ee7e65d95f2279ad49512299646dadf9e3e11c09c94c5ee06f3ddadf59ee24504fc02bfe205945807a2437,"Let It Snow, Let It Snow, Let It Snow",Jessica Simpson,ReJoyce The Christmas Album,https://i.scdn.co/image/713c9be065885db2ef9b98b6da279e7925cc4b6f
113,5pDaRonmzAV91HPxZVeiai,0.536,0.869,D,-8.631,major,0.0314,0.119,0.0000267,0.126,0.894,140.579,268187,4,D major,new_holiday_songs,https://mosaic.scdn.co/640/5f79f928a45b878579e1fffc9e4aefb362ca53fd939adaa29092810cc1c44965b5a5781e38ee7e65d95f2279ad49512299646dadf9e3e11c09c94c5ee06f3ddadf59ee24504fc02bfe205945807a2437,Step Into Christmas,Elton John,Christmas Number 1's,https://i.scdn.co/image/90d80f5a0261f942a655b768c41bdbe67fbd6377
114,5T94RUaPidX1Q1BJIyn1Fe,0.434,0.321,"C#",-8.597,major,0.0445,0.867,0,0.114,0.345,109.838,232307,3,"C# major",new_holiday_songs,https://mosaic.scdn.co/640/5f79f928a45b878579e1fffc9e4aefb362ca53fd939adaa29092810cc1c44965b5a5781e38ee7e65d95f2279ad49512299646dadf9e3e11c09c94c5ee06f3ddadf59ee24504fc02bfe205945807a2437,Silent Night - Vevo Live Acoustic,James Arthur,Empty Space / Silent Night - Vevo Live Acoustic,https://i.scdn.co/image/77eb7c17cafe5503ab885f148e9c98f7986bc62b
115,5ThCKAfvYZr6ARnPrbEdJs,0.502,0.446,B,-8.703,major,0.0348,0.331,0.00000328,0.203,0.305,152.205,294400,3,B major,new_holiday_songs,https://mosaic.scdn.co/640/5f79f928a45b878579e1fffc9e4aefb362ca53fd939adaa29092810cc1c44965b5a5781e38ee7e65d95f2279ad49512299646dadf9e3e11c09c94c5ee06f3ddadf59ee24504fc02bfe205945807a2437,Happy Christmas ( War Is Over ),Roch Voisine,Album De Noël,https://i.scdn.co/image/213e62c1c530e882626056fceffaa85ea90f1741
116,5TN42y2ut6ATB0IDEEgQay,0.735,0.237,E,-8.827,major,0.0396,0.834,0,0.0901,0.508,94.144,179113,4,E major,new_holiday_songs,https://mosaic.scdn.co/640/5f79f928a45b878579e1fffc9e4aefb362ca53fd939adaa29092810cc1c44965b5a5781e38ee7e65d95f2279ad49512299646dadf9e3e11c09c94c5ee06f3ddadf59ee24504fc02bfe205945807a2437,It's Beginning to Look a Lot Like Christmas,Noah Cyrus,It's Beginning to Look a Lot Like Christmas,https://i.scdn.co/image/3e68210264389b70d9efc8e90b88ac67fc1b0bc5
117,5Tw6x1bD1dvULVXvEeEy0b,0.655,0.387,"A#",-5.85,major,0.0284,0.804,0.00000486,0.26,0.445,130.018,180093,4,"A# major",new_holiday_songs,https://mosaic.scdn.co/640/5f79f928a45b878579e1fffc9e4aefb362ca53fd939adaa29092810cc1c44965b5a5781e38ee7e65d95f2279ad49512299646dadf9e3e11c09c94c5ee06f3ddadf59ee24504fc02bfe205945807a2437,"Looks Like A Cold, Cold Winter",Ingrid Michaelson,"Looks Like A Cold, Cold Winter",https://i.scdn.co/image/85faa77c32111f88de75051bb547325432be02e7
118,5XaF2L2Qi3S6i0cUQELTzB,0.45,0.165,A,-16.19,major,0.0336,0.69,0.00232,0.131,0.502,102.708,131093,3,A major,new_holiday_songs,https://mosaic.scdn.co/640/5f79f928a45b878579e1fffc9e4aefb362ca53fd939adaa29092810cc1c44965b5a5781e38ee7e65d95f2279ad49512299646dadf9e3e11c09c94c5ee06f3ddadf59ee24504fc02bfe205945807a2437,Silver Bells,John Denver,Rocky Mountain Christmas,https://i.scdn.co/image/5d591b8e3d7e2460b751c383cb76315e9a214e84
119,5xlS0QkVrSH7ssEbBgBzbM,0.602,0.553,B,-9.336,major,0.0328,0.108,0,0.0512,0.971,130.594,118840,4,B major,new_holiday_songs,https://mosaic.scdn.co/640/5f79f928a45b878579e1fffc9e4aefb362ca53fd939adaa29092810cc1c44965b5a5781e38ee7e65d95f2279ad49512299646dadf9e3e11c09c94c5ee06f3ddadf59ee24504fc02bfe205945807a2437,Little Saint Nick - 1991 Remix,The Beach Boys,The Beach Boys' Christmas Album,https://i.scdn.co/image/5138ad67bba0da1e64fd6af891a7dc23d66b064a
120,5ymVfeMK8cDew5vzntTuc7,0.571,0.634,F,-9.155,minor,0.0537,0.724,0,0.0864,0.805,109.575,128400,4,F minor,new_holiday_songs,https://mosaic.scdn.co/640/5f79f928a45b878579e1fffc9e4aefb362ca53fd939adaa29092810cc1c44965b5a5781e38ee7e65d95f2279ad49512299646dadf9e3e11c09c94c5ee06f3ddadf59ee24504fc02bfe205945807a2437,Sleigh Ride,Andy Williams,Merry Christmas,https://i.scdn.co/image/f391c733847c060f9bdde8f089ea4a3ca3653049
121,5zx4yNDpYT6mEVaAwTw5m8,0.419,0.201,G,-11.4,major,0.0341,0.808,0,0.16,0.189,93.687,226120,3,G major,new_holiday_songs,https://mosaic.scdn.co/640/5f79f928a45b878579e1fffc9e4aefb362ca53fd939adaa29092810cc1c44965b5a5781e38ee7e65d95f2279ad49512299646dadf9e3e11c09c94c5ee06f3ddadf59ee24504fc02bfe205945807a2437,O Holy Night,Martina McBride,The Classic Christmas Album,https://i.scdn.co/image/4fde026a27e15e12185e0001dc6ee65b2325d67d
122,60nCsuks4ZOxMCLpe9gDNA,0.726,0.145,"G#",-12.262,major,0.0504,0.903,0,0.159,0.47,84.238,209000,4,"G# major",new_holiday_songs,https://mosaic.scdn.co/640/5f79f928a45b878579e1fffc9e4aefb362ca53fd939adaa29092810cc1c44965b5a5781e38ee7e65d95f2279ad49512299646dadf9e3e11c09c94c5ee06f3ddadf59ee24504fc02bfe205945807a2437,Santa Baby (with Henri René & His Orchestra),Eartha Kitt,Christmas Hits,https://i.scdn.co/image/939adaa29092810cc1c44965b5a5781e38ee7e65
123,66xfBy2Za8TGrhTXRea6PI,0.694,0.183,C,-13.159,major,0.0331,0.93,0,0.289,0.688,77.893,173400,4,C major,new_holiday_songs,https://mosaic.scdn.co/640/5f79f928a45b878579e1fffc9e4aefb362ca53fd939adaa29092810cc1c44965b5a5781e38ee7e65d95f2279ad49512299646dadf9e3e11c09c94c5ee06f3ddadf59ee24504fc02bfe205945807a2437,(There's No Place Like) Home for the Holidays - 1954 Version,Perry Como,Christmas Hits,https://i.scdn.co/image/2814f341fc87aaa4c5b438fd97c1eeeb1f76da56
124,67XXGKQrlBLCAg3gmHkamP,0.319,0.509,"A#",-8.868,major,0.0305,0.642,0,0.39,0.427,144.55,223240,3,"A# major",new_holiday_songs,https://mosaic.scdn.co/640/5f79f928a45b878579e1fffc9e4aefb362ca53fd939adaa29092810cc1c44965b5a5781e38ee7e65d95f2279ad49512299646dadf9e3e11c09c94c5ee06f3ddadf59ee24504fc02bfe205945807a2437,Have Yourself a Merry Little Christmas (feat. Esperanza Spalding),John Legend,Have Yourself a Merry Little Christmas / Bring Me Love,https://i.scdn.co/image/5f79f928a45b878579e1fffc9e4aefb362ca53fd
125,6bhhqvDX8Q3kl1GoyhtpSx,0.523,0.509,A,-6.387,major,0.0251,0.59,0.000369,0.0932,0.344,96.946,301640,4,A major,new_holiday_songs,https://mosaic.scdn.co/640/5f79f928a45b878579e1fffc9e4aefb362ca53fd939adaa29092810cc1c44965b5a5781e38ee7e65d95f2279ad49512299646dadf9e3e11c09c94c5ee06f3ddadf59ee24504fc02bfe205945807a2437,The First Noel,John Farnham,The First Noel,https://i.scdn.co/image/26fc10dea516d2c736062356667cac52a08acbae
126,6CylKS9y5AJtrE9K2vgGnK,0.49,0.0677,D,-20.293,major,0.0446,0.946,0.0027,0.28,0.34,94.065,163667,4,D major,new_holiday_songs,https://mosaic.scdn.co/640/5f79f928a45b878579e1fffc9e4aefb362ca53fd939adaa29092810cc1c44965b5a5781e38ee7e65d95f2279ad49512299646dadf9e3e11c09c94c5ee06f3ddadf59ee24504fc02bfe205945807a2437,White Christmas,Elvis Presley,Elvis' Christmas Album,https://i.scdn.co/image/d8ec333974abb5987719025a55a7395a22becb79
127,6dvq77gzD4g4u1TJHO2ZYe,0.492,0.828,C,-2.14,major,0.0662,0.00253,0,0.342,0.567,81.409,232213,4,C major,new_holiday_songs,https://mosaic.scdn.co/640/5f79f928a45b878579e1fffc9e4aefb362ca53fd939adaa29092810cc1c44965b5a5781e38ee7e65d95f2279ad49512299646dadf9e3e11c09c94c5ee06f3ddadf59ee24504fc02bfe205945807a2437,Shake up Christmas - Xmas Anthem,Train,Christmas Hits,https://i.scdn.co/image/939adaa29092810cc1c44965b5a5781e38ee7e65
128,6j2WyCG7ZgG7EnZBNKebHs,0.774,0.785,C,-7.766,major,0.0363,0.16,0,0.264,0.96,112.514,242360,4,C major,new_holiday_songs,https://mosaic.scdn.co/640/5f79f928a45b878579e1fffc9e4aefb362ca53fd939adaa29092810cc1c44965b5a5781e38ee7e65d95f2279ad49512299646dadf9e3e11c09c94c5ee06f3ddadf59ee24504fc02bfe205945807a2437,Mary's Boy Child / Oh My Lord,Boney M.,Christmas Hits,https://i.scdn.co/image/939adaa29092810cc1c44965b5a5781e38ee7e65
129,6JUnflvdkYvbzsp6zWpaCZ,0.618,0.828,"A#",-4.513,major,0.0634,0.21,0,0.09,0.84,84.987,161333,4,"A# major",new_holiday_songs,https://mosaic.scdn.co/640/5f79f928a45b878579e1fffc9e4aefb362ca53fd939adaa29092810cc1c44965b5a5781e38ee7e65d95f2279ad49512299646dadf9e3e11c09c94c5ee06f3ddadf59ee24504fc02bfe205945807a2437,What Christmas Means to Me (feat. Stevie Wonder),John Legend,A Legendary Christmas,https://i.scdn.co/image/5f79f928a45b878579e1fffc9e4aefb362ca53fd
130,6KsFSrVS3DwG4xNAPQvznC,0.676,0.412,"G#",-7.97,major,0.0347,0.796,0,0.139,0.47,124.891,157600,4,"G# major",new_holiday_songs,https://mosaic.scdn.co/640/5f79f928a45b878579e1fffc9e4aefb362ca53fd939adaa29092810cc1c44965b5a5781e38ee7e65d95f2279ad49512299646dadf9e3e11c09c94c5ee06f3ddadf59ee24504fc02bfe205945807a2437,Winter Wonderland,Hannah Kerr,Christmas Eve in Bethlehem,https://i.scdn.co/image/14bf748c8e9e2bdafb623355a82e8f7dbb947cbb
131,6lIob2DRkcnjrymZN1QqU7,0.554,0.422,"G#",-10.761,major,0.0439,0.329,0.0000313,0.0986,0.3,99.676,242879,4,"G# major",new_holiday_songs,https://mosaic.scdn.co/640/5f79f928a45b878579e1fffc9e4aefb362ca53fd939adaa29092810cc1c44965b5a5781e38ee7e65d95f2279ad49512299646dadf9e3e11c09c94c5ee06f3ddadf59ee24504fc02bfe205945807a2437,"Can You See - Spotify Singles - Holiday, Recorded at Spotify Studios NYC",Fifth Harmony,"Can You See (Spotify Singles - Holiday, Recorded at Spotify Studios NYC)",https://i.scdn.co/image/03069416d890cc38c24d0118af36d5592844b891
132,6lIVyZ979Y4igxDOW3ncie,0.584,0.73,A,-5.311,major,0.0248,0.00183,0.00107,0.208,0.275,89.994,170667,4,A major,new_holiday_songs,https://mosaic.scdn.co/640/5f79f928a45b878579e1fffc9e4aefb362ca53fd939adaa29092810cc1c44965b5a5781e38ee7e65d95f2279ad49512299646dadf9e3e11c09c94c5ee06f3ddadf59ee24504fc02bfe205945807a2437,Counting Down to Christmas,Campsite Dream,Counting Down to Christmas,https://i.scdn.co/image/59f6e3cb8161dc64f3d67c0658713b777da4fe45
133,6nCAuV8db9kn8S3TOlp5BA,0.543,0.339,A,-12.237,major,0.0253,0.397,0.000014,0.138,0.339,87.538,253333,4,A major,new_holiday_songs,https://mosaic.scdn.co/640/5f79f928a45b878579e1fffc9e4aefb362ca53fd939adaa29092810cc1c44965b5a5781e38ee7e65d95f2279ad49512299646dadf9e3e11c09c94c5ee06f3ddadf59ee24504fc02bfe205945807a2437,A Perfect Christmas,Jose Mari Chan,Christmas in Our Hearts,https://i.scdn.co/image/349276cbdfd8857b3975a8ddb956dc167e45d17c
134,6PHydwtSLzGi9WJ3MyE50k,0.48,0.6,D,-6.859,major,0.0308,0.679,0,0.183,0.719,101.441,162067,3,D major,new_holiday_songs,https://mosaic.scdn.co/640/5f79f928a45b878579e1fffc9e4aefb362ca53fd939adaa29092810cc1c44965b5a5781e38ee7e65d95f2279ad49512299646dadf9e3e11c09c94c5ee06f3ddadf59ee24504fc02bfe205945807a2437,It's the Most Wonderful Time of the Year,Andy Williams,Christmas Hits,https://i.scdn.co/image/939adaa29092810cc1c44965b5a5781e38ee7e65
135,6Sy0fYlJtIVYeCTiIj4RJc,0.686,0.359,D,-10.579,major,0.0363,0.535,0,0.337,0.683,89.997,198720,4,D major,new_holiday_songs,https://mosaic.scdn.co/640/5f79f928a45b878579e1fffc9e4aefb362ca53fd939adaa29092810cc1c44965b5a5781e38ee7e65d95f2279ad49512299646dadf9e3e11c09c94c5ee06f3ddadf59ee24504fc02bfe205945807a2437,Santa Baby,Samantha Jade,The Magic of Christmas,https://i.scdn.co/image/a09e468aba5b3e958b0dfe7846405d15af80e9f5
136,6WYIjCIwAev1GOSUaGQJtW,0.591,0.708,C,-5.377,major,0.0398,0.167,0.000113,0.0993,0.36,115.111,229453,4,C major,new_holiday_songs,https://mosaic.scdn.co/640/5f79f928a45b878579e1fffc9e4aefb362ca53fd939adaa29092810cc1c44965b5a5781e38ee7e65d95f2279ad49512299646dadf9e3e11c09c94c5ee06f3ddadf59ee24504fc02bfe205945807a2437,Do They Know It's Christmas?,Band Aid,Top 50 Christmas Music,https://i.scdn.co/image/ee361ed71a3bd86d8f3ef89ac04085907a64a4ea
137,6XAdcAseYtijN0QUnQFsH2,0.605,0.664,"C#",-8.95,major,0.0274,0.698,0,0.121,0.886,103.178,178720,4,"C# major",new_holiday_songs,https://mosaic.scdn.co/640/5f79f928a45b878579e1fffc9e4aefb362ca53fd939adaa29092810cc1c44965b5a5781e38ee7e65d95f2279ad49512299646dadf9e3e11c09c94c5ee06f3ddadf59ee24504fc02bfe205945807a2437,Sleigh Ride,Johnny Mathis,Merry Christmas,https://i.scdn.co/image/b878b9e27201163be07e746657280ab24802839e
138,6Ydgbe9LUoGpbMXBUFDcek,0.55,0.302,D,-11.035,major,0.0268,0.282,0.00000259,0.0962,0.317,84.816,218520,4,D major,new_holiday_songs,https://mosaic.scdn.co/640/5f79f928a45b878579e1fffc9e4aefb362ca53fd939adaa29092810cc1c44965b5a5781e38ee7e65d95f2279ad49512299646dadf9e3e11c09c94c5ee06f3ddadf59ee24504fc02bfe205945807a2437,I'll Be Home,Meghan Trainor,Christmas Hits,https://i.scdn.co/image/939adaa29092810cc1c44965b5a5781e38ee7e65
139,6yOzaZiBk4k4jSOYZcp4pm,0.507,0.724,F,-4.503,major,0.0433,0.0342,0,0.274,0.581,77.489,219160,4,F major,new_holiday_songs,https://mosaic.scdn.co/640/5f79f928a45b878579e1fffc9e4aefb362ca53fd939adaa29092810cc1c44965b5a5781e38ee7e65d95f2279ad49512299646dadf9e3e11c09c94c5ee06f3ddadf59ee24504fc02bfe205945807a2437,Christmas Every Day,David Archuleta,Winter in the Air,https://i.scdn.co/image/5ff064bd88c96868c8526bf6be85570da2fa33a9
140,6ZDaRctHGLVCYY430vaAyT,0.205,0.188,G,-14.192,major,0.0393,0.774,0.0000013,0.376,0.291,172.142,155200,5,G major,new_holiday_songs,https://mosaic.scdn.co/640/5f79f928a45b878579e1fffc9e4aefb362ca53fd939adaa29092810cc1c44965b5a5781e38ee7e65d95f2279ad49512299646dadf9e3e11c09c94c5ee06f3ddadf59ee24504fc02bfe205945807a2437,Have Yourself a Merry Little Christmas,Frank Sinatra,Christmas Songs By Sinatra,https://i.scdn.co/image/6cad0033aecb1e2cabd033100896a53598a96ccf
141,74yQRKUunP1sRjnnMks4SG,0.404,0.475,F,-8.988,major,0.0536,0.717,0,0.0616,0.655,146.827,126200,4,F major,new_holiday_songs,https://mosaic.scdn.co/640/5f79f928a45b878579e1fffc9e4aefb362ca53fd939adaa29092810cc1c44965b5a5781e38ee7e65d95f2279ad49512299646dadf9e3e11c09c94c5ee06f3ddadf59ee24504fc02bfe205945807a2437,"Let It Snow, Let It Snow, Let It Snow",Kurt Nilsen,Have Yourself A Merry Little Christmas,https://i.scdn.co/image/513aff75d4c308b81b62d6020bf11e6a81dd6959
142,75clRtmtXSkZsPm6SjjQ5j,0.636,0.178,G,-12.179,minor,0.0656,0.663,0,0.0964,0.643,139.997,154827,4,G minor,new_holiday_songs,https://mosaic.scdn.co/640/5f79f928a45b878579e1fffc9e4aefb362ca53fd939adaa29092810cc1c44965b5a5781e38ee7e65d95f2279ad49512299646dadf9e3e11c09c94c5ee06f3ddadf59ee24504fc02bfe205945807a2437,Santa Claus Is Comin' to Town,Frank Sinatra,Christmas Songs By Sinatra,https://i.scdn.co/image/6cad0033aecb1e2cabd033100896a53598a96ccf
143,75noDVUJaHjoYTYzO7eLS1,0.35,0.403,C,-9.57,major,0.0279,0.786,0,0.114,0.201,104.957,222160,3,C major,new_holiday_songs,https://mosaic.scdn.co/640/5f79f928a45b878579e1fffc9e4aefb362ca53fd939adaa29092810cc1c44965b5a5781e38ee7e65d95f2279ad49512299646dadf9e3e11c09c94c5ee06f3ddadf59ee24504fc02bfe205945807a2437,Ave Maria,Beyoncé,Christmas R&B,https://i.scdn.co/image/eac6c25a86aff46cd92fc024f656ec63d1f728dd
144,77GcYr9JP6uvJM0kPa6Nzk,0.623,0.738,"D#",-5.709,major,0.0281,0.18,0,0.146,0.874,152.066,152947,4,"D# major",new_holiday_songs,https://mosaic.scdn.co/640/5f79f928a45b878579e1fffc9e4aefb362ca53fd939adaa29092810cc1c44965b5a5781e38ee7e65d95f2279ad49512299646dadf9e3e11c09c94c5ee06f3ddadf59ee24504fc02bfe205945807a2437,Jingle Bell Rock (Glee Cast Version),Glee Cast,"Glee: The Music, The Christmas Album Vol. 3",https://i.scdn.co/image/1aa6c2c3eaace3ad3e9c81cfc05433e71f38eebb
145,77nF1t4qesuOJRd8lbIzNX,0.735,0.681,D,-6.195,major,0.0282,0.215,0.00000996,0.411,0.948,107.671,262760,4,D major,new_holiday_songs,https://mosaic.scdn.co/640/5f79f928a45b878579e1fffc9e4aefb362ca53fd939adaa29092810cc1c44965b5a5781e38ee7e65d95f2279ad49512299646dadf9e3e11c09c94c5ee06f3ddadf59ee24504fc02bfe205945807a2437,Last Christmas,Wham!,Christmas Hits,https://i.scdn.co/image/939adaa29092810cc1c44965b5a5781e38ee7e65
146,77pt4LRcJwf3iSF30dqEHr,0.557,0.726,A,-5.835,major,0.0508,0.444,0.0000015,0.351,0.551,140.131,167233,4,A major,new_holiday_songs,https://mosaic.scdn.co/640/5f79f928a45b878579e1fffc9e4aefb362ca53fd939adaa29092810cc1c44965b5a5781e38ee7e65d95f2279ad49512299646dadf9e3e11c09c94c5ee06f3ddadf59ee24504fc02bfe205945807a2437,Jingle Bells,William Shatner,Shatner Claus,https://i.scdn.co/image/67bbe5a692e7b669e6556770b884cdf773a709c2
147,78nKXeLoOWkuCDVEGTLLFs,0.523,0.363,G,-14.525,major,0.0406,0.949,0.912,0.245,0.485,117.916,162213,4,G major,new_holiday_songs,https://mosaic.scdn.co/640/5f79f928a45b878579e1fffc9e4aefb362ca53fd939adaa29092810cc1c44965b5a5781e38ee7e65d95f2279ad49512299646dadf9e3e11c09c94c5ee06f3ddadf59ee24504fc02bfe205945807a2437,I Saw Three Ships,The Piano Guys,Christmas Together,https://i.scdn.co/image/f9890a307f1aac00eca2d0c80ed1b1ff6226aa32
148,7beYBowpIMDjpdfXi2GH4S,0.5,0.326,"C#",-13.114,major,0.0467,0.612,0.0158,0.0966,0.16,78.058,176206,4,"C# major",new_holiday_songs,https://mosaic.scdn.co/640/5f79f928a45b878579e1fffc9e4aefb362ca53fd939adaa29092810cc1c44965b5a5781e38ee7e65d95f2279ad49512299646dadf9e3e11c09c94c5ee06f3ddadf59ee24504fc02bfe205945807a2437,"The Christmas Song - Spotify Singles - Holiday, Recorded at Spotify Studios NYC",Wyclef Jean,"The Christmas Song (Spotify Singles - Holiday, Recorded at Spotify Studios NYC)",https://i.scdn.co/image/9a9a3b8ee91fade30b8f3c92682100cf32e5a0fb
149,7ciKlFkpcUTrkf4Wo4dwGr,0.465,0.0527,"F#",-24.575,major,0.0475,0.992,0.91,0.139,0.0394,128.647,196688,5,"F# major",new_holiday_songs,https://mosaic.scdn.co/640/5f79f928a45b878579e1fffc9e4aefb362ca53fd939adaa29092810cc1c44965b5a5781e38ee7e65d95f2279ad49512299646dadf9e3e11c09c94c5ee06f3ddadf59ee24504fc02bfe205945807a2437,Chestnuts Roasting on an Open Fire,Alexis Ffrench,Together At Last,https://i.scdn.co/image/dea7140098a59a26ab92c08269eb86ca60410f9c
150,7CX5iig2vgpkPLmkni8caW,0.396,0.514,G,-10.956,minor,0.0837,0.26,0,0.0877,0.28,87.957,197200,1,G minor,new_holiday_songs,https://mosaic.scdn.co/640/5f79f928a45b878579e1fffc9e4aefb362ca53fd939adaa29092810cc1c44965b5a5781e38ee7e65d95f2279ad49512299646dadf9e3e11c09c94c5ee06f3ddadf59ee24504fc02bfe205945807a2437,This Christmas,Chris Brown,Christmas Hits,https://i.scdn.co/image/939adaa29092810cc1c44965b5a5781e38ee7e65
151,7F9oCEKbqjN99cV5HpvYER,0.586,0.32,C,-12.788,major,0.0289,0.637,0.00202,0.128,0.437,115.808,192459,4,C major,new_holiday_songs,https://mosaic.scdn.co/640/5f79f928a45b878579e1fffc9e4aefb362ca53fd939adaa29092810cc1c44965b5a5781e38ee7e65d95f2279ad49512299646dadf9e3e11c09c94c5ee06f3ddadf59ee24504fc02bfe205945807a2437,"White Christmas - Spotify Singles - Holiday, Recorded at Air Studios, London",George Ezra,"White Christmas (Spotify Singles - Holiday, Recorded at Air Studios, London)",https://i.scdn.co/image/7032df12af72718649ff2ef34dfe3d7edea4162f
152,7fJ5UWPgluvIsZHcMPhapf,0.473,0.785,"A#",-6.835,major,0.0275,0.0258,0.211,0.117,0.458,80.078,211264,4,"A# major",new_holiday_songs,https://mosaic.scdn.co/640/5f79f928a45b878579e1fffc9e4aefb362ca53fd939adaa29092810cc1c44965b5a5781e38ee7e65d95f2279ad49512299646dadf9e3e11c09c94c5ee06f3ddadf59ee24504fc02bfe205945807a2437,Deck the Halls,Mannheim Steamroller,30/40,https://i.scdn.co/image/b0940615ddc51bb82bc493c15b7d273a8d1e4458
153,7Fzm10UeEDemvzlYroQguL,0.42,0.828,"F#",-5.871,major,0.107,0.359,0,0.0529,0.5,190.791,175213,4,"F# major",new_holiday_songs,https://mosaic.scdn.co/640/5f79f928a45b878579e1fffc9e4aefb362ca53fd939adaa29092810cc1c44965b5a5781e38ee7e65d95f2279ad49512299646dadf9e3e11c09c94c5ee06f3ddadf59ee24504fc02bfe205945807a2437,Jingle Bells (Glee Cast Version),Glee Cast,"Glee: The Music, The Christmas Album",https://i.scdn.co/image/df267b94bd85aad9be2957f3e80886c1a72114f6
154,7GNsHkiYPcQQjvhTiILFUL,0.317,0.78,F,-6.988,major,0.0504,0.748,0.0000218,0.317,0.652,154.767,143133,4,F major,new_holiday_songs,https://mosaic.scdn.co/640/5f79f928a45b878579e1fffc9e4aefb362ca53fd939adaa29092810cc1c44965b5a5781e38ee7e65d95f2279ad49512299646dadf9e3e11c09c94c5ee06f3ddadf59ee24504fc02bfe205945807a2437,A Marshmallow World,Darlene Love,A Christmas Gift For You From Phil Spector,https://i.scdn.co/image/df9902b4e29a085db5b3fb511c1e2c78ffe60831
155,7j6JmuVQokjHpDqqTFjHax,0.244,0.274,"G#",-10.433,major,0.04,0.871,0.0000118,0.0897,0.164,68.534,243133,4,"G# major",new_holiday_songs,https://mosaic.scdn.co/640/5f79f928a45b878579e1fffc9e4aefb362ca53fd939adaa29092810cc1c44965b5a5781e38ee7e65d95f2279ad49512299646dadf9e3e11c09c94c5ee06f3ddadf59ee24504fc02bfe205945807a2437,Have Yourself a Merry Little Christmas,Christina Aguilera,Christmas Hits,https://i.scdn.co/image/939adaa29092810cc1c44965b5a5781e38ee7e65
156,7JLIUosTKUWT5UWBlxUylt,0.728,0.726,G,-4.136,minor,0.0343,0.151,0,0.46,0.696,129.962,161467,4,G minor,new_holiday_songs,https://mosaic.scdn.co/640/5f79f928a45b878579e1fffc9e4aefb362ca53fd939adaa29092810cc1c44965b5a5781e38ee7e65d95f2279ad49512299646dadf9e3e11c09c94c5ee06f3ddadf59ee24504fc02bfe205945807a2437,You and Me and Christmas,LeAnn Rimes,"It's Christmas, Eve (Original Motion Picture Soundtrack)",https://i.scdn.co/image/7e19e15975bff563cfaba75d4f5aab9206549c6c
157,7klqcDdyk3laSiOtxNrygB,0.254,0.318,"A#",-6.992,major,0.0312,0.355,0,0.109,0.2,114.636,210533,4,"A# major",new_holiday_songs,https://mosaic.scdn.co/640/5f79f928a45b878579e1fffc9e4aefb362ca53fd939adaa29092810cc1c44965b5a5781e38ee7e65d95f2279ad49512299646dadf9e3e11c09c94c5ee06f3ddadf59ee24504fc02bfe205945807a2437,Where Are You Christmas?,Pentatonix,Christmas Is Here!,https://i.scdn.co/image/d95f2279ad49512299646dadf9e3e11c09c94c5e
158,7l1S30HhTTY4rfkBZpc1Db,0.77,0.341,C,-12.457,major,0.0376,0.758,0.00000111,0.112,0.849,89.324,103173,4,C major,new_holiday_songs,https://mosaic.scdn.co/640/5f79f928a45b878579e1fffc9e4aefb362ca53fd939adaa29092810cc1c44965b5a5781e38ee7e65d95f2279ad49512299646dadf9e3e11c09c94c5ee06f3ddadf59ee24504fc02bfe205945807a2437,Rudolph the Red Nosed Reindeer,John Denver,Christmas Hits,https://i.scdn.co/image/939adaa29092810cc1c44965b5a5781e38ee7e65
159,7Lbxvt42JsNSKVCaN63qhD,0.774,0.511,B,-8.914,major,0.0319,0.322,0,0.0672,0.771,94.736,227653,4,B major,new_holiday_songs,https://mosaic.scdn.co/640/5f79f928a45b878579e1fffc9e4aefb362ca53fd939adaa29092810cc1c44965b5a5781e38ee7e65d95f2279ad49512299646dadf9e3e11c09c94c5ee06f3ddadf59ee24504fc02bfe205945807a2437,Wonderful Christmastime [Edited Version] - Remastered 2011 / Edited Version,Paul McCartney,McCartney II (Special Edition),https://i.scdn.co/image/a59feeb9c675194eb86e2816c494f4082ccd53d4
160,7n5m8nDAnyXo81tr4B3Bcw,0.398,0.879,G,-7.584,major,0.0585,0.228,0,0.408,0.564,72.212,136307,4,G major,new_holiday_songs,https://mosaic.scdn.co/640/5f79f928a45b878579e1fffc9e4aefb362ca53fd939adaa29092810cc1c44965b5a5781e38ee7e65d95f2279ad49512299646dadf9e3e11c09c94c5ee06f3ddadf59ee24504fc02bfe205945807a2437,Frosty the Snowman,The Ronettes,A Christmas Gift For You From Phil Spector,https://i.scdn.co/image/df9902b4e29a085db5b3fb511c1e2c78ffe60831
161,7n7VsX3sv66znBwA8b5uhp,0.573,0.235,D,-16.982,major,0.0426,0.968,0.0198,0.105,0.834,79.578,115827,4,D major,new_holiday_songs,https://mosaic.scdn.co/640/5f79f928a45b878579e1fffc9e4aefb362ca53fd939adaa29092810cc1c44965b5a5781e38ee7e65d95f2279ad49512299646dadf9e3e11c09c94c5ee06f3ddadf59ee24504fc02bfe205945807a2437,Here Comes Santa Claus (Right Down Santa Claus Lane),Elvis Presley,Elvis' Christmas Album,https://i.scdn.co/image/d8ec333974abb5987719025a55a7395a22becb79
162,7qbxIWpDjAZH84BfhoJlKS,0.343,0.76,"D#",-7.146,major,0.0513,0.392,0.000388,0.0773,0.356,126.322,166453,4,"D# major",new_holiday_songs,https://mosaic.scdn.co/640/5f79f928a45b878579e1fffc9e4aefb362ca53fd939adaa29092810cc1c44965b5a5781e38ee7e65d95f2279ad49512299646dadf9e3e11c09c94c5ee06f3ddadf59ee24504fc02bfe205945807a2437,Christmas (Baby Please Come Home),Darlene Love,Christmas Hits,https://i.scdn.co/image/939adaa29092810cc1c44965b5a5781e38ee7e65
163,7qtBirjfexEIOK3xuqYLR3,0.572,0.895,F,-2.654,major,0.0644,0.0134,0,0.216,0.922,145.008,147987,4,F major,new_holiday_songs,https://mosaic.scdn.co/640/5f79f928a45b878579e1fffc9e4aefb362ca53fd939adaa29092810cc1c44965b5a5781e38ee7e65d95f2279ad49512299646dadf9e3e11c09c94c5ee06f3ddadf59ee24504fc02bfe205945807a2437,Run Run Rudolph,Kelly Clarkson,Wrapped In Red,https://i.scdn.co/image/df6a48dc94245be056b35262606c7adfd1821b99
164,7rrVN7f83kwaz2sGxoFnJY,0.57,0.292,F,-14.408,major,0.0293,0.841,0,0.137,0.399,72.534,207000,4,F major,new_holiday_songs,https://mosaic.scdn.co/640/5f79f928a45b878579e1fffc9e4aefb362ca53fd939adaa29092810cc1c44965b5a5781e38ee7e65d95f2279ad49512299646dadf9e3e11c09c94c5ee06f3ddadf59ee24504fc02bfe205945807a2437,Christmas in Our Hearts,Jose Mari Chan,Christmas in Our Hearts,https://i.scdn.co/image/349276cbdfd8857b3975a8ddb956dc167e45d17c
165,7t5i1MPAiJZcVRpzQtzzo6,0.838,0.346,G,-8.406,major,0.0471,0.827,0.0111,0.213,0.93,113.988,155347,4,G major,new_holiday_songs,https://mosaic.scdn.co/640/5f79f928a45b878579e1fffc9e4aefb362ca53fd939adaa29092810cc1c44965b5a5781e38ee7e65d95f2279ad49512299646dadf9e3e11c09c94c5ee06f3ddadf59ee24504fc02bfe205945807a2437,I Want a Hippopotamus for Christmas (Hippo the Hero),Gayla Peevey,Christmas Hits,https://i.scdn.co/image/939adaa29092810cc1c44965b5a5781e38ee7e65
166,7uVnnj80WNEu02JQ3BA3HJ,0.35,0.377,"D#",-11.658,major,0.034,0.353,0,0.19,0.277,124.559,222760,4,"D# major",new_holiday_songs,https://mosaic.scdn.co/640/5f79f928a45b878579e1fffc9e4aefb362ca53fd939adaa29092810cc1c44965b5a5781e38ee7e65d95f2279ad49512299646dadf9e3e11c09c94c5ee06f3ddadf59ee24504fc02bfe205945807a2437,When a Child Is Born,Johnny Mathis,Christmas Hits,https://i.scdn.co/image/939adaa29092810cc1c44965b5a5781e38ee7e65
167,7xQmVmSfCt4LD9H2uFoWOO,0.496,0.74,D,-11.317,major,0.0386,0.558,0,0.404,0.97,148.863,182400,4,D major,new_holiday_songs,https://mosaic.scdn.co/640/5f79f928a45b878579e1fffc9e4aefb362ca53fd939adaa29092810cc1c44965b5a5781e38ee7e65d95f2279ad49512299646dadf9e3e11c09c94c5ee06f3ddadf59ee24504fc02bfe205945807a2437,Feliz Navidad,José Feliciano,Christmas Hits,https://i.scdn.co/image/939adaa29092810cc1c44965b5a5781e38ee7e65
